margin_rate,churn_penalty,review_cost,review_catch_rate,t_profit_single,t_review,t_decline,val_reviews_per_day,nb1000_profit_three_way,nb1000_profit_single,nb1000_youden_single,nb1000_rules,decline_rate_val_at_t_profit
0.005,0.0,1.0,0.5,9.346832556079255e-05,9.181172797576411e-05,9.181172797576411e-05,0.0,4669.621430442102,4670.823575371603,4136.1617139115615,987.0058159763382,0.5637777853038461
0.005,0.0,1.0,0.65,9.346832556079255e-05,9.181172797576411e-05,9.181172797576411e-05,0.0,4669.621430442102,4670.823575371603,4136.1617139115615,987.0058159763382,0.5637777853038461
0.005,0.0,1.0,0.8,9.346832556079255e-05,9.181172797576411e-05,9.181172797576411e-05,0.0,4669.621430442102,4670.823575371603,4136.1617139115615,987.0058159763382,0.5637777853038461
0.005,0.0,1.0,0.85,9.346832556079255e-05,9.181172797576411e-05,9.181172797576411e-05,0.0,4669.621430442102,4670.823575371603,4136.1617139115615,987.0058159763382,0.5637777853038461
0.005,0.0,1.0,0.95,9.346832556079255e-05,9.181172797576411e-05,9.181172797576411e-05,0.0,4669.621430442102,4670.823575371603,4136.1617139115615,987.0058159763382,0.5637777853038461
0.005,0.0,1.0,0.98,9.346832556079255e-05,9.181172797576411e-05,9.181172797576411e-05,0.0,4669.621430442102,4670.823575371603,4136.1617139115615,987.0058159763382,0.5637777853038461
0.005,0.0,2.5,0.5,9.346832556079255e-05,9.181172797576411e-05,9.181172797576411e-05,0.0,4669.621430442102,4670.823575371603,4136.1617139115615,987.0058159763382,0.5637777853038461
0.005,0.0,2.5,0.65,9.346832556079255e-05,9.181172797576411e-05,9.181172797576411e-05,0.0,4669.621430442102,4670.823575371603,4136.1617139115615,987.0058159763382,0.5637777853038461
0.005,0.0,2.5,0.8,9.346832556079255e-05,9.181172797576411e-05,9.181172797576411e-05,0.0,4669.621430442102,4670.823575371603,4136.1617139115615,987.0058159763382,0.5637777853038461
0.005,0.0,2.5,0.85,9.346832556079255e-05,9.181172797576411e-05,9.181172797576411e-05,0.0,4669.621430442102,4670.823575371603,4136.1617139115615,987.0058159763382,0.5637777853038461
0.005,0.0,2.5,0.95,9.346832556079255e-05,9.181172797576411e-05,9.181172797576411e-05,0.0,4669.621430442102,4670.823575371603,4136.1617139115615,987.0058159763382,0.5637777853038461
0.005,0.0,2.5,0.98,9.346832556079255e-05,9.181172797576411e-05,9.181172797576411e-05,0.0,4669.621430442102,4670.823575371603,4136.1617139115615,987.0058159763382,0.5637777853038461
0.005,0.0,5.0,0.5,9.346832556079255e-05,9.181172797576411e-05,9.181172797576411e-05,0.0,4669.621430442102,4670.823575371603,4136.1617139115615,987.0058159763382,0.5637777853038461
0.005,0.0,5.0,0.65,9.346832556079255e-05,9.181172797576411e-05,9.181172797576411e-05,0.0,4669.621430442102,4670.823575371603,4136.1617139115615,987.0058159763382,0.5637777853038461
0.005,0.0,5.0,0.8,9.346832556079255e-05,9.181172797576411e-05,9.181172797576411e-05,0.0,4669.621430442102,4670.823575371603,4136.1617139115615,987.0058159763382,0.5637777853038461
0.005,0.0,5.0,0.85,9.346832556079255e-05,9.181172797576411e-05,9.181172797576411e-05,0.0,4669.621430442102,4670.823575371603,4136.1617139115615,987.0058159763382,0.5637777853038461
0.005,0.0,5.0,0.95,9.346832556079255e-05,9.181172797576411e-05,9.181172797576411e-05,0.0,4669.621430442102,4670.823575371603,4136.1617139115615,987.0058159763382,0.5637777853038461
0.005,0.0,5.0,0.98,9.346832556079255e-05,9.181172797576411e-05,9.181172797576411e-05,0.0,4669.621430442102,4670.823575371603,4136.1617139115615,987.0058159763382,0.5637777853038461
0.005,0.0,10.0,0.5,9.346832556079255e-05,9.181172797576411e-05,9.181172797576411e-05,0.0,4669.621430442102,4670.823575371603,4136.1617139115615,987.0058159763382,0.5637777853038461
0.005,0.0,10.0,0.65,9.346832556079255e-05,9.181172797576411e-05,9.181172797576411e-05,0.0,4669.621430442102,4670.823575371603,4136.1617139115615,987.0058159763382,0.5637777853038461
0.005,0.0,10.0,0.8,9.346832556079255e-05,9.181172797576411e-05,9.181172797576411e-05,0.0,4669.621430442102,4670.823575371603,4136.1617139115615,987.0058159763382,0.5637777853038461
0.005,0.0,10.0,0.85,9.346832556079255e-05,9.181172797576411e-05,9.181172797576411e-05,0.0,4669.621430442102,4670.823575371603,4136.1617139115615,987.0058159763382,0.5637777853038461
0.005,0.0,10.0,0.95,9.346832556079255e-05,9.181172797576411e-05,9.181172797576411e-05,0.0,4669.621430442102,4670.823575371603,4136.1617139115615,987.0058159763382,0.5637777853038461
0.005,0.0,10.0,0.98,9.346832556079255e-05,9.181172797576411e-05,9.181172797576411e-05,0.0,4669.621430442102,4670.823575371603,4136.1617139115615,987.0058159763382,0.5637777853038461
0.005,0.0,20.0,0.5,9.346832556079255e-05,9.181172797576411e-05,9.181172797576411e-05,0.0,4669.621430442102,4670.823575371603,4136.1617139115615,987.0058159763382,0.5637777853038461
0.005,0.0,20.0,0.65,9.346832556079255e-05,9.181172797576411e-05,9.181172797576411e-05,0.0,4669.621430442102,4670.823575371603,4136.1617139115615,987.0058159763382,0.5637777853038461
0.005,0.0,20.0,0.8,9.346832556079255e-05,9.181172797576411e-05,9.181172797576411e-05,0.0,4669.621430442102,4670.823575371603,4136.1617139115615,987.0058159763382,0.5637777853038461
0.005,0.0,20.0,0.85,9.346832556079255e-05,9.181172797576411e-05,9.181172797576411e-05,0.0,4669.621430442102,4670.823575371603,4136.1617139115615,987.0058159763382,0.5637777853038461
0.005,0.0,20.0,0.95,9.346832556079255e-05,9.181172797576411e-05,9.181172797576411e-05,0.0,4669.621430442102,4670.823575371603,4136.1617139115615,987.0058159763382,0.5637777853038461
0.005,0.0,20.0,0.98,9.346832556079255e-05,9.181172797576411e-05,9.181172797576411e-05,0.0,4669.621430442102,4670.823575371603,4136.1617139115615,987.0058159763382,0.5637777853038461
0.005,5.0,1.0,0.5,0.0012200447294195178,0.001195471869361305,0.0013653242145707845,30.69071576516939,3513.3753617592956,3473.1583280839013,3503.4075115431074,811.5731611180727,0.14908388932163782
0.005,5.0,1.0,0.65,0.0012200447294195178,0.001195471869361305,0.0013653242145707845,30.69071576516939,3521.4256919655472,3473.1583280839013,3503.4075115431074,811.5731611180727,0.14908388932163782
0.005,5.0,1.0,0.8,0.0012200447294195178,0.001195471869361305,0.0013653242145707845,30.69071576516939,3529.476022171799,3473.1583280839013,3503.4075115431074,811.5731611180727,0.14908388932163782
0.005,5.0,1.0,0.85,0.0012200447294195178,0.001195471869361305,0.0013653242145707845,30.69071576516939,3532.159465573883,3473.1583280839013,3503.4075115431074,811.5731611180727,0.14908388932163782
0.005,5.0,1.0,0.95,0.0012200447294195178,0.001195471869361305,0.0013653242145707845,30.69071576516939,3537.5263523780513,3473.1583280839013,3503.4075115431074,811.5731611180727,0.14908388932163782
0.005,5.0,1.0,0.98,0.0012200447294195178,0.001195471869361305,0.0013653242145707845,30.69071576516939,3539.1364184193017,3473.1583280839013,3503.4075115431074,811.5731611180727,0.14908388932163782
0.005,5.0,2.5,0.5,0.0012200447294195178,0.001195471869361305,0.001195471869361305,0.0,3482.603432225872,3473.1583280839013,3503.4075115431074,811.5731611180727,0.14908388932163782
0.005,5.0,2.5,0.65,0.0012200447294195178,0.001195471869361305,0.0013653242145707845,30.69071576516939,3502.7309380115394,3473.1583280839013,3503.4075115431074,811.5731611180727,0.14908388932163782
0.005,5.0,2.5,0.8,0.0012200447294195178,0.001195471869361305,0.0013653242145707845,30.69071576516939,3510.781268217791,3473.1583280839013,3503.4075115431074,811.5731611180727,0.14908388932163782
0.005,5.0,2.5,0.85,0.0012200447294195178,0.001195471869361305,0.0013653242145707845,30.69071576516939,3513.464711619875,3473.1583280839013,3503.4075115431074,811.5731611180727,0.14908388932163782
0.005,5.0,2.5,0.95,0.0012200447294195178,0.001195471869361305,0.0013653242145707845,30.69071576516939,3518.8315984240435,3473.1583280839013,3503.4075115431074,811.5731611180727,0.14908388932163782
0.005,5.0,2.5,0.98,0.0012200447294195178,0.001195471869361305,0.0013653242145707845,30.69071576516939,3520.4416644652933,3473.1583280839013,3503.4075115431074,811.5731611180727,0.14908388932163782
0.005,5.0,5.0,0.5,0.0012200447294195178,0.001195471869361305,0.001195471869361305,0.0,3482.603432225872,3473.1583280839013,3503.4075115431074,811.5731611180727,0.14908388932163782
0.005,5.0,5.0,0.65,0.0012200447294195178,0.001195471869361305,0.001195471869361305,0.0,3482.603432225872,3473.1583280839013,3503.4075115431074,811.5731611180727,0.14908388932163782
0.005,5.0,5.0,0.8,0.0012200447294195178,0.001195471869361305,0.001195471869361305,0.0,3482.603432225872,3473.1583280839013,3503.4075115431074,811.5731611180727,0.14908388932163782
0.005,5.0,5.0,0.85,0.0012200447294195178,0.001195471869361305,0.001195471869361305,0.0,3482.603432225872,3473.1583280839013,3503.4075115431074,811.5731611180727,0.14908388932163782
0.005,5.0,5.0,0.95,0.0012200447294195178,0.001195471869361305,0.0013653242145707845,30.69071576516939,3487.673675167363,3473.1583280839013,3503.4075115431074,811.5731611180727,0.14908388932163782
0.005,5.0,5.0,0.98,0.0012200447294195178,0.001195471869361305,0.0013653242145707845,30.69071576516939,3489.2837412086133,3473.1583280839013,3503.4075115431074,811.5731611180727,0.14908388932163782
0.005,5.0,10.0,0.5,0.0012200447294195178,0.001195471869361305,0.001195471869361305,0.0,3482.603432225872,3473.1583280839013,3503.4075115431074,811.5731611180727,0.14908388932163782
0.005,5.0,10.0,0.65,0.0012200447294195178,0.001195471869361305,0.001195471869361305,0.0,3482.603432225872,3473.1583280839013,3503.4075115431074,811.5731611180727,0.14908388932163782
0.005,5.0,10.0,0.8,0.0012200447294195178,0.001195471869361305,0.001195471869361305,0.0,3482.603432225872,3473.1583280839013,3503.4075115431074,811.5731611180727,0.14908388932163782
0.005,5.0,10.0,0.85,0.0012200447294195178,0.001195471869361305,0.001195471869361305,0.0,3482.603432225872,3473.1583280839013,3503.4075115431074,811.5731611180727,0.14908388932163782
0.005,5.0,10.0,0.95,0.0012200447294195178,0.001195471869361305,0.001195471869361305,0.0,3482.603432225872,3473.1583280839013,3503.4075115431074,811.5731611180727,0.14908388932163782
0.005,5.0,10.0,0.98,0.0012200447294195178,0.001195471869361305,0.001195471869361305,0.0,3482.603432225872,3473.1583280839013,3503.4075115431074,811.5731611180727,0.14908388932163782
0.005,5.0,20.0,0.5,0.0012200447294195178,0.001195471869361305,0.001195471869361305,0.0,3482.603432225872,3473.1583280839013,3503.4075115431074,811.5731611180727,0.14908388932163782
0.005,5.0,20.0,0.65,0.0012200447294195178,0.001195471869361305,0.001195471869361305,0.0,3482.603432225872,3473.1583280839013,3503.4075115431074,811.5731611180727,0.14908388932163782
0.005,5.0,20.0,0.8,0.0012200447294195178,0.001195471869361305,0.001195471869361305,0.0,3482.603432225872,3473.1583280839013,3503.4075115431074,811.5731611180727,0.14908388932163782
0.005,5.0,20.0,0.85,0.0012200447294195178,0.001195471869361305,0.001195471869361305,0.0,3482.603432225872,3473.1583280839013,3503.4075115431074,811.5731611180727,0.14908388932163782
0.005,5.0,20.0,0.95,0.0012200447294195178,0.001195471869361305,0.001195471869361305,0.0,3482.603432225872,3473.1583280839013,3503.4075115431074,811.5731611180727,0.14908388932163782
0.005,5.0,20.0,0.98,0.0012200447294195178,0.001195471869361305,0.001195471869361305,0.0,3482.603432225872,3473.1583280839013,3503.4075115431074,811.5731611180727,0.14908388932163782
0.005,10.0,1.0,0.5,0.002736819419513731,0.0022772116202897682,0.0027765086981941535,32.28255786917195,2951.2903626624197,2923.1334072205077,2870.653309174654,636.1405062598074,0.0940495140041318
0.005,10.0,1.0,0.65,0.002736819419513731,0.0022772116202897682,0.0027765086981941535,32.28255786917195,2961.127152718979,2923.1334072205077,2870.653309174654,636.1405062598074,0.0940495140041318
0.005,10.0,1.0,0.8,0.002736819419513731,0.0022772116202897682,0.0027765086981941535,32.28255786917195,2970.9639427755365,2923.1334072205077,2870.653309174654,636.1405062598074,0.0940495140041318
0.005,10.0,1.0,0.85,0.002736819419513731,0.0025153159394622733,0.003083381525982865,30.46785787060903,2996.3155887267,2923.1334072205077,2870.653309174654,636.1405062598074,0.0940495140041318
0.005,10.0,1.0,0.95,0.002736819419513731,0.0029450765638398884,0.0038075332604876515,33.906236815254566,3054.703912125622,2923.1334072205077,2870.653309174654,636.1405062598074,0.0940495140041318
0.005,10.0,1.0,0.98,0.002736819419513731,0.0029450765638398884,0.0038075332604876515,33.906236815254566,3059.173551438793,2923.1334072205077,2870.653309174654,636.1405062598074,0.0940495140041318
0.005,10.0,2.5,0.5,0.002736819419513731,0.0025153159394622733,0.003083381525982865,30.46785787060903,2942.247286833517,2923.1334072205077,2870.653309174654,636.1405062598074,0.0940495140041318
0.005,10.0,2.5,0.65,0.002736819419513731,0.0025153159394622733,0.003083381525982865,30.46785787060903,2957.552524412682,2923.1334072205077,2870.653309174654,636.1405062598074,0.0940495140041318
0.005,10.0,2.5,0.8,0.002736819419513731,0.0025153159394622733,0.003083381525982865,30.46785787060903,2972.857761991847,2923.1334072205077,2870.653309174654,636.1405062598074,0.0940495140041318
0.005,10.0,2.5,0.85,0.002736819419513731,0.002670572117340065,0.003252757229545643,28.334789451245598,2985.4940871631584,2923.1334072205077,2870.653309174654,636.1405062598074,0.0940495140041318
0.005,10.0,2.5,0.95,0.002736819419513731,0.002670572117340065,0.003252757229545643,28.334789451245598,2996.16094574457,2923.1334072205077,2870.653309174654,636.1405062598074,0.0940495140041318
0.005,10.0,2.5,0.98,0.002736819419513731,0.002670572117340065,0.003252757229545643,28.334789451245598,2999.361003318994,2923.1334072205077,2870.653309174654,636.1405062598074,0.0940495140041318
0.005,10.0,5.0,0.5,0.002736819419513731,0.002670572117340065,0.002670572117340065,0.0,2910.801870209185,2923.1334072205077,2870.653309174654,636.1405062598074,0.0940495140041318
0.005,10.0,5.0,0.65,0.002736819419513731,0.002670572117340065,0.003252757229545643,28.334789451245598,2934.893371434053,2923.1334072205077,2870.653309174654,636.1405062598074,0.0940495140041318
0.005,10.0,5.0,0.8,0.002736819419513731,0.002670572117340065,0.003252757229545643,28.334789451245598,2950.8936593061694,2923.1334072205077,2870.653309174654,636.1405062598074,0.0940495140041318
0.005,10.0,5.0,0.85,0.002736819419513731,0.002670572117340065,0.003252757229545643,28.334789451245598,2956.227088596875,2923.1334072205077,2870.653309174654,636.1405062598074,0.0940495140041318
0.005,10.0,5.0,0.95,0.002736819419513731,0.002670572117340065,0.003252757229545643,28.334789451245598,2966.893947178287,2923.1334072205077,2870.653309174654,636.1405062598074,0.0940495140041318
0.005,10.0,5.0,0.98,0.002736819419513731,0.002670572117340065,0.003252757229545643,28.334789451245598,2970.0940047527097,2923.1334072205077,2870.653309174654,636.1405062598074,0.0940495140041318
0.005,10.0,10.0,0.5,0.002736819419513731,0.002670572117340065,0.002670572117340065,0.0,2910.801870209185,2923.1334072205077,2870.653309174654,636.1405062598074,0.0940495140041318
0.005,10.0,10.0,0.65,0.002736819419513731,0.002670572117340065,0.002670572117340065,0.0,2910.801870209185,2923.1334072205077,2870.653309174654,636.1405062598074,0.0940495140041318
0.005,10.0,10.0,0.8,0.002736819419513731,0.002670572117340065,0.002670572117340065,0.0,2910.801870209185,2923.1334072205077,2870.653309174654,636.1405062598074,0.0940495140041318
0.005,10.0,10.0,0.85,0.002736819419513731,0.002670572117340065,0.002670572117340065,0.0,2910.801870209185,2923.1334072205077,2870.653309174654,636.1405062598074,0.0940495140041318
0.005,10.0,10.0,0.95,0.002736819419513731,0.002670572117340065,0.002670572117340065,0.0,2910.801870209185,2923.1334072205077,2870.653309174654,636.1405062598074,0.0940495140041318
0.005,10.0,10.0,0.98,0.002736819419513731,0.002670572117340065,0.003252757229545643,28.334789451245598,2911.560007620142,2923.1334072205077,2870.653309174654,636.1405062598074,0.0940495140041318
0.005,10.0,20.0,0.5,0.002736819419513731,0.002670572117340065,0.002670572117340065,0.0,2910.801870209185,2923.1334072205077,2870.653309174654,636.1405062598074,0.0940495140041318
0.005,10.0,20.0,0.65,0.002736819419513731,0.002670572117340065,0.002670572117340065,0.0,2910.801870209185,2923.1334072205077,2870.653309174654,636.1405062598074,0.0940495140041318
0.005,10.0,20.0,0.8,0.002736819419513731,0.002670572117340065,0.002670572117340065,0.0,2910.801870209185,2923.1334072205077,2870.653309174654,636.1405062598074,0.0940495140041318
0.005,10.0,20.0,0.85,0.002736819419513731,0.002670572117340065,0.002670572117340065,0.0,2910.801870209185,2923.1334072205077,2870.653309174654,636.1405062598074,0.0940495140041318
0.005,10.0,20.0,0.95,0.002736819419513731,0.002670572117340065,0.002670572117340065,0.0,2910.801870209185,2923.1334072205077,2870.653309174654,636.1405062598074,0.0940495140041318
0.005,10.0,20.0,0.98,0.002736819419513731,0.002670572117340065,0.002670572117340065,0.0,2910.801870209185,2923.1334072205077,2870.653309174654,636.1405062598074,0.0940495140041318
0.005,25.0,1.0,0.5,0.007400600268116356,0.0064572853089166935,0.010154211261669557,34.224605236055076,2396.493813402416,2232.4254261071724,972.3907020692928,109.84254168501147,0.05503437531750601
0.005,25.0,1.0,0.65,0.007400600268116356,0.007298659731705749,0.011478311826033219,32.28255786917195,2429.806932750809,2232.4254261071724,972.3907020692928,109.84254168501147,0.05503437531750601
0.005,25.0,1.0,0.8,0.007400600268116356,0.007298659731705749,0.011478311826033219,32.28255786917195,2457.4964372720947,2232.4254261071724,972.3907020692928,109.84254168501147,0.05503437531750601
0.005,25.0,1.0,0.85,0.007400600268116356,0.007298659731705749,0.011478311826033219,32.28255786917195,2466.726272112523,2232.4254261071724,972.3907020692928,109.84254168501147,0.05503437531750601
0.005,25.0,1.0,0.95,0.007400600268116356,0.007298659731705749,0.011478311826033219,32.28255786917195,2485.18594179338,2232.4254261071724,972.3907020692928,109.84254168501147,0.05503437531750601
0.005,25.0,1.0,0.98,0.007400600268116356,0.007298659731705749,0.011478311826033219,32.28255786917195,2490.7238426976373,2232.4254261071724,972.3907020692928,109.84254168501147,0.05503437531750601
0.005,25.0,2.5,0.5,0.007400600268116356,0.007298659731705749,0.011478311826033219,32.28255786917195,2384.8451012067985,2232.4254261071724,972.3907020692928,109.84254168501147,0.05503437531750601
0.005,25.0,2.5,0.65,0.007400600268116356,0.007298659731705749,0.011478311826033219,32.28255786917195,2412.534605728084,2232.4254261071724,972.3907020692928,109.84254168501147,0.05503437531750601
0.005,25.0,2.5,0.8,0.007400600268116356,0.007298659731705749,0.011478311826033219,32.28255786917195,2440.22411024937,2232.4254261071724,972.3907020692928,109.84254168501147,0.05503437531750601
0.005,25.0,2.5,0.85,0.007400600268116356,0.007298659731705749,0.011478311826033219,32.28255786917195,2449.4539450897983,2232.4254261071724,972.3907020692928,109.84254168501147,0.05503437531750601
0.005,25.0,2.5,0.95,0.007400600268116356,0.007298659731705749,0.011478311826033219,32.28255786917195,2467.9136147706554,2232.4254261071724,972.3907020692928,109.84254168501147,0.05503437531750601
0.005,25.0,2.5,0.98,0.007400600268116356,0.007298659731705749,0.011478311826033219,32.28255786917195,2473.4515156749126,2232.4254261071724,972.3907020692928,109.84254168501147,0.05503437531750601
0.005,25.0,5.0,0.5,0.007400600268116356,0.007298659731705749,0.011478311826033219,32.28255786917195,2356.057889502257,2232.4254261071724,972.3907020692928,109.84254168501147,0.05503437531750601
0.005,25.0,5.0,0.65,0.007400600268116356,0.007298659731705749,0.011478311826033219,32.28255786917195,2383.7473940235427,2232.4254261071724,972.3907020692928,109.84254168501147,0.05503437531750601
0.005,25.0,5.0,0.8,0.007400600268116356,0.007298659731705749,0.011478311826033219,32.28255786917195,2411.436898544828,2232.4254261071724,972.3907020692928,109.84254168501147,0.05503437531750601
0.005,25.0,5.0,0.85,0.007400600268116356,0.007298659731705749,0.011478311826033219,32.28255786917195,2420.6667333852565,2232.4254261071724,972.3907020692928,109.84254168501147,0.05503437531750601
0.005,25.0,5.0,0.95,0.007400600268116356,0.007298659731705749,0.011478311826033219,32.28255786917195,2439.1264030661137,2232.4254261071724,972.3907020692928,109.84254168501147,0.05503437531750601
0.005,25.0,5.0,0.98,0.007400600268116356,0.007298659731705749,0.011478311826033219,32.28255786917195,2444.664303970371,2232.4254261071724,972.3907020692928,109.84254168501147,0.05503437531750601
0.005,25.0,10.0,0.5,0.007400600268116356,0.007298659731705749,0.0073380441657798345,0.413878947040666,2231.743056976095,2232.4254261071724,972.3907020692928,109.84254168501147,0.05503437531750601
0.005,25.0,10.0,0.65,0.007400600268116356,0.007298659731705749,0.011478311826033219,32.28255786917195,2326.1729706144597,2232.4254261071724,972.3907020692928,109.84254168501147,0.05503437531750601
0.005,25.0,10.0,0.8,0.007400600268116356,0.007298659731705749,0.011478311826033219,32.28255786917195,2353.8624751357447,2232.4254261071724,972.3907020692928,109.84254168501147,0.05503437531750601
0.005,25.0,10.0,0.85,0.007400600268116356,0.007298659731705749,0.011478311826033219,32.28255786917195,2363.0923099761735,2232.4254261071724,972.3907020692928,109.84254168501147,0.05503437531750601
0.005,25.0,10.0,0.95,0.007400600268116356,0.007298659731705749,0.011478311826033219,32.28255786917195,2381.5519796570306,2232.4254261071724,972.3907020692928,109.84254168501147,0.05503437531750601
0.005,25.0,10.0,0.98,0.007400600268116356,0.007298659731705749,0.011478311826033219,32.28255786917195,2387.089880561288,2232.4254261071724,972.3907020692928,109.84254168501147,0.05503437531750601
0.005,25.0,20.0,0.5,0.007400600268116356,0.0073380441657798345,0.0073380441657798345,0.0,2227.0919466928513,2232.4254261071724,972.3907020692928,109.84254168501147,0.05503437531750601
0.005,25.0,20.0,0.65,0.007400600268116356,0.0073380441657798345,0.0073380441657798345,0.0,2227.0919466928513,2232.4254261071724,972.3907020692928,109.84254168501147,0.05503437531750601
0.005,25.0,20.0,0.8,0.007400600268116356,0.0073380441657798345,0.0073380441657798345,0.0,2227.0919466928513,2232.4254261071724,972.3907020692928,109.84254168501147,0.05503437531750601
0.005,25.0,20.0,0.85,0.007400600268116356,0.0073380441657798345,0.0073380441657798345,0.0,2227.0919466928513,2232.4254261071724,972.3907020692928,109.84254168501147,0.05503437531750601
0.005,25.0,20.0,0.95,0.007400600268116356,0.007298659731705749,0.011478311826033219,32.28255786917195,2266.4031328388646,2232.4254261071724,972.3907020692928,109.84254168501147,0.05503437531750601
0.005,25.0,20.0,0.98,0.007400600268116356,0.007298659731705749,0.011478311826033219,32.28255786917195,2271.9410337431223,2232.4254261071724,972.3907020692928,109.84254168501147,0.05503437531750601
0.005,50.0,1.0,0.5,0.019,0.013081926009533843,0.03212857077224325,34.32011576229523,2031.6457708199214,1749.3245044648347,-2191.3803097729756,-767.320732606315,0.03557196238471004
0.005,50.0,1.0,0.65,0.019,0.013081926009533843,0.03212857077224325,34.32011576229523,2099.5733540488304,1749.3245044648347,-2191.3803097729756,-767.320732606315,0.03557196238471004
0.005,50.0,1.0,0.8,0.019,0.013081926009533843,0.03212857077224325,34.32011576229523,2167.5009372777395,1749.3245044648347,-2191.3803097729756,-767.320732606315,0.03557196238471004
0.005,50.0,1.0,0.85,0.019,0.013081926009533843,0.03212857077224325,34.32011576229523,2190.143465020709,1749.3245044648347,-2191.3803097729756,-767.320732606315,0.03557196238471004
0.005,50.0,1.0,0.95,0.019,0.013081926009533843,0.03212857077224325,34.32011576229523,2235.428520506648,1749.3245044648347,-2191.3803097729756,-767.320732606315,0.03557196238471004
0.005,50.0,1.0,0.98,0.019,0.01718686504639152,0.05468869142959353,33.396847341973746,2303.4824812883066,1749.3245044648347,-2191.3803097729756,-767.320732606315,0.03557196238471004
0.005,50.0,2.5,0.5,0.019,0.013081926009533843,0.03212857077224325,34.32011576229523,2009.8690918481332,1749.3245044648347,-2191.3803097729756,-767.320732606315,0.03557196238471004
0.005,50.0,2.5,0.65,0.019,0.013081926009533843,0.03212857077224325,34.32011576229523,2077.796675077042,1749.3245044648347,-2191.3803097729756,-767.320732606315,0.03557196238471004
0.005,50.0,2.5,0.8,0.019,0.013081926009533843,0.03212857077224325,34.32011576229523,2145.724258305951,1749.3245044648347,-2191.3803097729756,-767.320732606315,0.03557196238471004
0.005,50.0,2.5,0.85,0.019,0.013081926009533843,0.03212857077224325,34.32011576229523,2168.3667860489204,1749.3245044648347,-2191.3803097729756,-767.320732606315,0.03557196238471004
0.005,50.0,2.5,0.95,0.019,0.013081926009533843,0.03212857077224325,34.32011576229523,2213.6518415348596,1749.3245044648347,-2191.3803097729756,-767.320732606315,0.03557196238471004
0.005,50.0,2.5,0.98,0.019,0.01718686504639152,0.05468869142959353,33.396847341973746,2280.87605327327,1749.3245044648347,-2191.3803097729756,-767.320732606315,0.03557196238471004
0.005,50.0,5.0,0.5,0.019,0.013081926009533843,0.03212857077224325,34.32011576229523,1973.5746268951523,1749.3245044648347,-2191.3803097729756,-767.320732606315,0.03557196238471004
0.005,50.0,5.0,0.65,0.019,0.013081926009533843,0.03212857077224325,34.32011576229523,2041.502210124061,1749.3245044648347,-2191.3803097729756,-767.320732606315,0.03557196238471004
0.005,50.0,5.0,0.8,0.019,0.013081926009533843,0.03212857077224325,34.32011576229523,2109.42979335297,1749.3245044648347,-2191.3803097729756,-767.320732606315,0.03557196238471004
0.005,50.0,5.0,0.85,0.019,0.013081926009533843,0.03212857077224325,34.32011576229523,2132.0723210959395,1749.3245044648347,-2191.3803097729756,-767.320732606315,0.03557196238471004
0.005,50.0,5.0,0.95,0.019,0.013081926009533843,0.03212857077224325,34.32011576229523,2177.3573765818787,1749.3245044648347,-2191.3803097729756,-767.320732606315,0.03557196238471004
0.005,50.0,5.0,0.98,0.019,0.01718686504639152,0.05468869142959353,33.396847341973746,2243.198673248208,1749.3245044648347,-2191.3803097729756,-767.320732606315,0.03557196238471004
0.005,50.0,10.0,0.5,0.019,0.013081926009533843,0.03212857077224325,34.32011576229523,1900.9856969891903,1749.3245044648347,-2191.3803097729756,-767.320732606315,0.03557196238471004
0.005,50.0,10.0,0.65,0.019,0.013081926009533843,0.03212857077224325,34.32011576229523,1968.9132802180993,1749.3245044648347,-2191.3803097729756,-767.320732606315,0.03557196238471004
0.005,50.0,10.0,0.8,0.019,0.013081926009533843,0.03212857077224325,34.32011576229523,2036.840863447008,1749.3245044648347,-2191.3803097729756,-767.320732606315,0.03557196238471004
0.005,50.0,10.0,0.85,0.019,0.013081926009533843,0.03212857077224325,34.32011576229523,2059.4833911899777,1749.3245044648347,-2191.3803097729756,-767.320732606315,0.03557196238471004
0.005,50.0,10.0,0.95,0.019,0.013081926009533843,0.03212857077224325,34.32011576229523,2104.768446675917,1749.3245044648347,-2191.3803097729756,-767.320732606315,0.03557196238471004
0.005,50.0,10.0,0.98,0.019,0.01718686504639152,0.05468869142959353,33.396847341973746,2167.843913198084,1749.3245044648347,-2191.3803097729756,-767.320732606315,0.03557196238471004
0.005,50.0,20.0,0.5,0.019,0.01718686504639152,0.01718686504639152,0.0,1723.3719801085952,1749.3245044648347,-2191.3803097729756,-767.320732606315,0.03557196238471004
0.005,50.0,20.0,0.65,0.019,0.015047399224871272,0.03212857077224325,27.729889451724624,1848.467379291264,1749.3245044648347,-2191.3803097729756,-767.320732606315,0.03557196238471004
0.005,50.0,20.0,0.8,0.019,0.013081926009533843,0.03212857077224325,34.32011576229523,1891.6630036350846,1749.3245044648347,-2191.3803097729756,-767.320732606315,0.03557196238471004
0.005,50.0,20.0,0.85,0.019,0.013081926009533843,0.03212857077224325,34.32011576229523,1914.3055313780542,1749.3245044648347,-2191.3803097729756,-767.320732606315,0.03557196238471004
0.005,50.0,20.0,0.95,0.019,0.01718686504639152,0.05468869142959353,33.396847341973746,1999.5083718291676,1749.3245044648347,-2191.3803097729756,-767.320732606315,0.03557196238471004
0.005,50.0,20.0,0.98,0.019,0.01718686504639152,0.05468869142959353,33.396847341973746,2017.134393097837,1749.3245044648347,-2191.3803097729756,-767.320732606315,0.03557196238471004
0.01,0.0,1.0,0.5,0.0003502508596320463,0.0003611137303797017,0.0003611137303797017,0.0,4253.591345660981,4274.0128658515405,4019.713827570249,859.3291492532258,0.30165611135570836
0.01,0.0,1.0,0.65,0.0003502508596320463,0.0003611137303797017,0.0003611137303797017,0.0,4253.591345660981,4274.0128658515405,4019.713827570249,859.3291492532258,0.30165611135570836
0.01,0.0,1.0,0.8,0.0003502508596320463,0.0003611137303797017,0.00037296989637915386,14.167394725622799,4255.823153497879,4274.0128658515405,4019.713827570249,859.3291492532258,0.30165611135570836
0.01,0.0,1.0,0.85,0.0003502508596320463,0.0003611137303797017,0.00038496373878709513,28.334789451245598,4258.317319289642,4274.0128658515405,4019.713827570249,859.3291492532258,0.30165611135570836
0.01,0.0,1.0,0.95,0.0003502508596320463,0.0003611137303797017,0.00038496373878709513,28.334789451245598,4258.997384992219,4274.0128658515405,4019.713827570249,859.3291492532258,0.30165611135570836
0.01,0.0,1.0,0.98,0.0003502508596320463,0.0003611137303797017,0.00038496373878709513,28.334789451245598,4259.2014047029925,4274.0128658515405,4019.713827570249,859.3291492532258,0.30165611135570836
0.01,0.0,2.5,0.5,0.0003502508596320463,0.0003611137303797017,0.0003611137303797017,0.0,4253.591345660981,4274.0128658515405,4019.713827570249,859.3291492532258,0.30165611135570836
0.01,0.0,2.5,0.65,0.0003502508596320463,0.0003611137303797017,0.0003611137303797017,0.0,4253.591345660981,4274.0128658515405,4019.713827570249,859.3291492532258,0.30165611135570836
0.01,0.0,2.5,0.8,0.0003502508596320463,0.0003611137303797017,0.0003611137303797017,0.0,4253.591345660981,4274.0128658515405,4019.713827570249,859.3291492532258,0.30165611135570836
0.01,0.0,2.5,0.85,0.0003502508596320463,0.0003611137303797017,0.0003611137303797017,0.0,4253.591345660981,4274.0128658515405,4019.713827570249,859.3291492532258,0.30165611135570836
0.01,0.0,2.5,0.95,0.0003502508596320463,0.0003611137303797017,0.0003611137303797017,0.0,4253.591345660981,4274.0128658515405,4019.713827570249,859.3291492532258,0.30165611135570836
0.01,0.0,2.5,0.98,0.0003502508596320463,0.0003611137303797017,0.0003611137303797017,0.0,4253.591345660981,4274.0128658515405,4019.713827570249,859.3291492532258,0.30165611135570836
0.01,0.0,5.0,0.5,0.0003502508596320463,0.0003611137303797017,0.0003611137303797017,0.0,4253.591345660981,4274.0128658515405,4019.713827570249,859.3291492532258,0.30165611135570836
0.01,0.0,5.0,0.65,0.0003502508596320463,0.0003611137303797017,0.0003611137303797017,0.0,4253.591345660981,4274.0128658515405,4019.713827570249,859.3291492532258,0.30165611135570836
0.01,0.0,5.0,0.8,0.0003502508596320463,0.0003611137303797017,0.0003611137303797017,0.0,4253.591345660981,4274.0128658515405,4019.713827570249,859.3291492532258,0.30165611135570836
0.01,0.0,5.0,0.85,0.0003502508596320463,0.0003611137303797017,0.0003611137303797017,0.0,4253.591345660981,4274.0128658515405,4019.713827570249,859.3291492532258,0.30165611135570836
0.01,0.0,5.0,0.95,0.0003502508596320463,0.0003611137303797017,0.0003611137303797017,0.0,4253.591345660981,4274.0128658515405,4019.713827570249,859.3291492532258,0.30165611135570836
0.01,0.0,5.0,0.98,0.0003502508596320463,0.0003611137303797017,0.0003611137303797017,0.0,4253.591345660981,4274.0128658515405,4019.713827570249,859.3291492532258,0.30165611135570836
0.01,0.0,10.0,0.5,0.0003502508596320463,0.0003611137303797017,0.0003611137303797017,0.0,4253.591345660981,4274.0128658515405,4019.713827570249,859.3291492532258,0.30165611135570836
0.01,0.0,10.0,0.65,0.0003502508596320463,0.0003611137303797017,0.0003611137303797017,0.0,4253.591345660981,4274.0128658515405,4019.713827570249,859.3291492532258,0.30165611135570836
0.01,0.0,10.0,0.8,0.0003502508596320463,0.0003611137303797017,0.0003611137303797017,0.0,4253.591345660981,4274.0128658515405,4019.713827570249,859.3291492532258,0.30165611135570836
0.01,0.0,10.0,0.85,0.0003502508596320463,0.0003611137303797017,0.0003611137303797017,0.0,4253.591345660981,4274.0128658515405,4019.713827570249,859.3291492532258,0.30165611135570836
0.01,0.0,10.0,0.95,0.0003502508596320463,0.0003611137303797017,0.0003611137303797017,0.0,4253.591345660981,4274.0128658515405,4019.713827570249,859.3291492532258,0.30165611135570836
0.01,0.0,10.0,0.98,0.0003502508596320463,0.0003611137303797017,0.0003611137303797017,0.0,4253.591345660981,4274.0128658515405,4019.713827570249,859.3291492532258,0.30165611135570836
0.01,0.0,20.0,0.5,0.0003502508596320463,0.0003611137303797017,0.0003611137303797017,0.0,4253.591345660981,4274.0128658515405,4019.713827570249,859.3291492532258,0.30165611135570836
0.01,0.0,20.0,0.65,0.0003502508596320463,0.0003611137303797017,0.0003611137303797017,0.0,4253.591345660981,4274.0128658515405,4019.713827570249,859.3291492532258,0.30165611135570836
0.01,0.0,20.0,0.8,0.0003502508596320463,0.0003611137303797017,0.0003611137303797017,0.0,4253.591345660981,4274.0128658515405,4019.713827570249,859.3291492532258,0.30165611135570836
0.01,0.0,20.0,0.85,0.0003502508596320463,0.0003611137303797017,0.0003611137303797017,0.0,4253.591345660981,4274.0128658515405,4019.713827570249,859.3291492532258,0.30165611135570836
0.01,0.0,20.0,0.95,0.0003502508596320463,0.0003611137303797017,0.0003611137303797017,0.0,4253.591345660981,4274.0128658515405,4019.713827570249,859.3291492532258,0.30165611135570836
0.01,0.0,20.0,0.98,0.0003502508596320463,0.0003611137303797017,0.0003611137303797017,0.0,4253.591345660981,4274.0128658515405,4019.713827570249,859.3291492532258,0.30165611135570836
0.01,5.0,1.0,0.5,0.0020870935334819413,0.0017813679214004603,0.002071665907802535,28.36662629332565,3318.513318770392,3271.3401599665854,3386.9596252017955,683.8964943949607,0.11005746153238279
0.01,5.0,1.0,0.65,0.0020870935334819413,0.001863562390428161,0.0022477859756835274,34.00174734149471,3317.8911291360446,3271.3401599665854,3386.9596252017955,683.8964943949607,0.11005746153238279
0.01,5.0,1.0,0.8,0.0020870935334819413,0.002071665907802535,0.0025153159394622733,32.982968394933074,3319.3895473069842,3271.3401599665854,3386.9596252017955,683.8964943949607,0.11005746153238279
0.01,5.0,1.0,0.85,0.0020870935334819413,0.002071665907802535,0.0025153159394622733,32.982968394933074,3325.0449722852527,3271.3401599665854,3386.9596252017955,683.8964943949607,0.11005746153238279
0.01,5.0,1.0,0.95,0.0020870935334819413,0.002059595134810629,0.0025153159394622733,34.19276839397502,3347.9350830313497,3271.3401599665854,3386.9596252017955,683.8964943949607,0.11005746153238279
0.01,5.0,1.0,0.98,0.0020870935334819413,0.002059595134810629,0.0025153159394622733,34.19276839397502,3351.7093282983938,3271.3401599665854,3386.9596252017955,683.8964943949607,0.11005746153238279
0.01,5.0,2.5,0.5,0.0020870935334819413,0.0017813679214004603,0.002071665907802535,28.36662629332565,3301.325660017386,3271.3401599665854,3386.9596252017955,683.8964943949607,0.11005746153238279
0.01,5.0,2.5,0.65,0.0020870935334819413,0.0017813679214004603,0.002071665907802535,28.36662629332565,3319.493872162202,3271.3401599665854,3386.9596252017955,683.8964943949607,0.11005746153238279
0.01,5.0,2.5,0.8,0.0020870935334819413,0.002071665907802535,0.0025153159394622733,32.982968394933074,3299.4417029611313,3271.3401599665854,3386.9596252017955,683.8964943949607,0.11005746153238279
0.01,5.0,2.5,0.85,0.0020870935334819413,0.002071665907802535,0.0025153159394622733,32.982968394933074,3305.0971279394,3271.3401599665854,3386.9596252017955,683.8964943949607,0.11005746153238279
0.01,5.0,2.5,0.95,0.0020870935334819413,0.002071665907802535,0.0025153159394622733,32.982968394933074,3316.4079778959367,3271.3401599665854,3386.9596252017955,683.8964943949607,0.11005746153238279
0.01,5.0,2.5,0.98,0.0020870935334819413,0.002071665907802535,0.0025153159394622733,32.982968394933074,3319.8012328828986,3271.3401599665854,3386.9596252017955,683.8964943949607,0.11005746153238279
0.01,5.0,5.0,0.5,0.0020870935334819413,0.002071665907802535,0.002071665907802535,0.0,3269.4110507896735,3271.3401599665854,3386.9596252017955,683.8964943949607,0.11005746153238279
0.01,5.0,5.0,0.65,0.0020870935334819413,0.002071665907802535,0.002071665907802535,0.0,3269.4110507896735,3271.3401599665854,3386.9596252017955,683.8964943949607,0.11005746153238279
0.01,5.0,5.0,0.8,0.0020870935334819413,0.002071665907802535,0.002071665907802535,0.0,3269.4110507896735,3271.3401599665854,3386.9596252017955,683.8964943949607,0.11005746153238279
0.01,5.0,5.0,0.85,0.0020870935334819413,0.002071665907802535,0.0025153159394622733,32.982968394933074,3271.850720696312,3271.3401599665854,3386.9596252017955,683.8964943949607,0.11005746153238279
0.01,5.0,5.0,0.95,0.0020870935334819413,0.002071665907802535,0.0025153159394622733,32.982968394933074,3283.1615706528482,3271.3401599665854,3386.9596252017955,683.8964943949607,0.11005746153238279
0.01,5.0,5.0,0.98,0.0020870935334819413,0.002071665907802535,0.0025153159394622733,32.982968394933074,3286.5548256398106,3271.3401599665854,3386.9596252017955,683.8964943949607,0.11005746153238279
0.01,5.0,10.0,0.5,0.0020870935334819413,0.002071665907802535,0.002071665907802535,0.0,3269.4110507896735,3271.3401599665854,3386.9596252017955,683.8964943949607,0.11005746153238279
0.01,5.0,10.0,0.65,0.0020870935334819413,0.002071665907802535,0.002071665907802535,0.0,3269.4110507896735,3271.3401599665854,3386.9596252017955,683.8964943949607,0.11005746153238279
0.01,5.0,10.0,0.8,0.0020870935334819413,0.002071665907802535,0.002071665907802535,0.0,3269.4110507896735,3271.3401599665854,3386.9596252017955,683.8964943949607,0.11005746153238279
0.01,5.0,10.0,0.85,0.0020870935334819413,0.002071665907802535,0.002071665907802535,0.0,3269.4110507896735,3271.3401599665854,3386.9596252017955,683.8964943949607,0.11005746153238279
0.01,5.0,10.0,0.95,0.0020870935334819413,0.002071665907802535,0.002071665907802535,0.0,3269.4110507896735,3271.3401599665854,3386.9596252017955,683.8964943949607,0.11005746153238279
0.01,5.0,10.0,0.98,0.0020870935334819413,0.002071665907802535,0.002071665907802535,0.0,3269.4110507896735,3271.3401599665854,3386.9596252017955,683.8964943949607,0.11005746153238279
0.01,5.0,20.0,0.5,0.0020870935334819413,0.002071665907802535,0.002071665907802535,0.0,3269.4110507896735,3271.3401599665854,3386.9596252017955,683.8964943949607,0.11005746153238279
0.01,5.0,20.0,0.65,0.0020870935334819413,0.002071665907802535,0.002071665907802535,0.0,3269.4110507896735,3271.3401599665854,3386.9596252017955,683.8964943949607,0.11005746153238279
0.01,5.0,20.0,0.8,0.0020870935334819413,0.002071665907802535,0.002071665907802535,0.0,3269.4110507896735,3271.3401599665854,3386.9596252017955,683.8964943949607,0.11005746153238279
0.01,5.0,20.0,0.85,0.0020870935334819413,0.002071665907802535,0.002071665907802535,0.0,3269.4110507896735,3271.3401599665854,3386.9596252017955,683.8964943949607,0.11005746153238279
0.01,5.0,20.0,0.95,0.0020870935334819413,0.002071665907802535,0.002071665907802535,0.0,3269.4110507896735,3271.3401599665854,3386.9596252017955,683.8964943949607,0.11005746153238279
0.01,5.0,20.0,0.98,0.0020870935334819413,0.002071665907802535,0.002071665907802535,0.0,3269.4110507896735,3271.3401599665854,3386.9596252017955,683.8964943949607,0.11005746153238279
0.01,10.0,1.0,0.5,0.003219486274546922,0.0025153159394622733,0.003083381525982865,30.46785787060903,2890.1834064867166,2865.630980571452,2754.2054228333413,508.46383953669516,0.0860003838294894
0.01,10.0,1.0,0.65,0.003219486274546922,0.003252757229545643,0.004204612080190862,32.1870473429318,2928.3659325363196,2865.630980571452,2754.2054228333413,508.46383953669516,0.0860003838294894
0.01,10.0,1.0,0.8,0.003219486274546922,0.003252757229545643,0.004204612080190862,32.1870473429318,2949.398191147083,2865.630980571452,2754.2054228333413,508.46383953669516,0.0860003838294894
0.01,10.0,1.0,0.85,0.003219486274546922,0.003252757229545643,0.004204612080190862,32.1870473429318,2956.4089440173375,2865.630980571452,2754.2054228333413,508.46383953669516,0.0860003838294894
0.01,10.0,1.0,0.95,0.003219486274546922,0.003252757229545643,0.004204612080190862,32.1870473429318,2970.430449757846,2865.630980571452,2754.2054228333413,508.46383953669516,0.0860003838294894
0.01,10.0,1.0,0.98,0.003219486274546922,0.003252757229545643,0.004204612080190862,32.1870473429318,2974.636901479999,2865.630980571452,2754.2054228333413,508.46383953669516,0.0860003838294894
0.01,10.0,2.5,0.5,0.003219486274546922,0.002670572117340065,0.003252757229545643,28.334789451245598,2880.585367855407,2865.630980571452,2754.2054228333413,508.46383953669516,0.0860003838294894
0.01,10.0,2.5,0.65,0.003219486274546922,0.003252757229545643,0.004204612080190862,32.1870473429318,2910.6871978189424,2865.630980571452,2754.2054228333413,508.46383953669516,0.0860003838294894
0.01,10.0,2.5,0.8,0.003219486274546922,0.003252757229545643,0.004204612080190862,32.1870473429318,2931.7194564297056,2865.630980571452,2754.2054228333413,508.46383953669516,0.0860003838294894
0.01,10.0,2.5,0.85,0.003219486274546922,0.003252757229545643,0.004204612080190862,32.1870473429318,2938.7302092999603,2865.630980571452,2754.2054228333413,508.46383953669516,0.0860003838294894
0.01,10.0,2.5,0.95,0.003219486274546922,0.003252757229545643,0.004204612080190862,32.1870473429318,2952.7517150404688,2865.630980571452,2754.2054228333413,508.46383953669516,0.0860003838294894
0.01,10.0,2.5,0.98,0.003219486274546922,0.003252757229545643,0.004204612080190862,32.1870473429318,2956.958166762621,2865.630980571452,2754.2054228333413,508.46383953669516,0.0860003838294894
0.01,10.0,5.0,0.5,0.003219486274546922,0.002670572117340065,0.003083381525982865,20.94864208867371,2846.593099310234,2865.630980571452,2754.2054228333413,508.46383953669516,0.0860003838294894
0.01,10.0,5.0,0.65,0.003219486274546922,0.002670572117340065,0.003252757229545643,28.334789451245598,2867.31865716124,2865.630980571452,2754.2054228333413,508.46383953669516,0.0860003838294894
0.01,10.0,5.0,0.8,0.003219486274546922,0.003252757229545643,0.004204612080190862,32.1870473429318,2902.25489856741,2865.630980571452,2754.2054228333413,508.46383953669516,0.0860003838294894
0.01,10.0,5.0,0.85,0.003219486274546922,0.003252757229545643,0.004204612080190862,32.1870473429318,2909.265651437664,2865.630980571452,2754.2054228333413,508.46383953669516,0.0860003838294894
0.01,10.0,5.0,0.95,0.003219486274546922,0.003252757229545643,0.004204612080190862,32.1870473429318,2923.2871571781734,2865.630980571452,2754.2054228333413,508.46383953669516,0.0860003838294894
0.01,10.0,5.0,0.98,0.003219486274546922,0.003252757229545643,0.004204612080190862,32.1870473429318,2927.493608900326,2865.630980571452,2754.2054228333413,508.46383953669516,0.0860003838294894
0.01,10.0,10.0,0.5,0.003219486274546922,0.003083381525982865,0.003083381525982865,0.0,2851.4033351395874,2865.630980571452,2754.2054228333413,508.46383953669516,0.0860003838294894
0.01,10.0,10.0,0.65,0.003219486274546922,0.003083381525982865,0.003083381525982865,0.0,2851.4033351395874,2865.630980571452,2754.2054228333413,508.46383953669516,0.0860003838294894
0.01,10.0,10.0,0.8,0.003219486274546922,0.003083381525982865,0.003083381525982865,0.0,2851.4033351395874,2865.630980571452,2754.2054228333413,508.46383953669516,0.0860003838294894
0.01,10.0,10.0,0.85,0.003219486274546922,0.003083381525982865,0.003083381525982865,0.0,2851.4033351395874,2865.630980571452,2754.2054228333413,508.46383953669516,0.0860003838294894
0.01,10.0,10.0,0.95,0.003219486274546922,0.003083381525982865,0.0038075332604876515,27.12498945220365,2859.8740331448025,2865.630980571452,2754.2054228333413,508.46383953669516,0.0860003838294894
0.01,10.0,10.0,0.98,0.003219486274546922,0.003083381525982865,0.0038075332604876515,27.12498945220365,2863.0808685835536,2865.630980571452,2754.2054228333413,508.46383953669516,0.0860003838294894
0.01,10.0,20.0,0.5,0.003219486274546922,0.003083381525982865,0.003083381525982865,0.0,2851.4033351395874,2865.630980571452,2754.2054228333413,508.46383953669516,0.0860003838294894
0.01,10.0,20.0,0.65,0.003219486274546922,0.003083381525982865,0.003083381525982865,0.0,2851.4033351395874,2865.630980571452,2754.2054228333413,508.46383953669516,0.0860003838294894
0.01,10.0,20.0,0.8,0.003219486274546922,0.003083381525982865,0.003083381525982865,0.0,2851.4033351395874,2865.630980571452,2754.2054228333413,508.46383953669516,0.0860003838294894
0.01,10.0,20.0,0.85,0.003219486274546922,0.003083381525982865,0.003083381525982865,0.0,2851.4033351395874,2865.630980571452,2754.2054228333413,508.46383953669516,0.0860003838294894
0.01,10.0,20.0,0.95,0.003219486274546922,0.003083381525982865,0.003083381525982865,0.0,2851.4033351395874,2865.630980571452,2754.2054228333413,508.46383953669516,0.0860003838294894
0.01,10.0,20.0,0.98,0.003219486274546922,0.003083381525982865,0.003083381525982865,0.0,2851.4033351395874,2865.630980571452,2754.2054228333413,508.46383953669516,0.0860003838294894
0.01,25.0,1.0,0.5,0.007400600268116356,0.007298659731705749,0.011478311826033219,32.28255786917195,2372.7128483534775,2193.6778918729683,855.9428157279801,-17.834125038100716,0.05503437531750601
0.01,25.0,1.0,0.65,0.007400600268116356,0.007298659731705749,0.011478311826033219,32.28255786917195,2400.4023528747634,2193.6778918729683,855.9428157279801,-17.834125038100716,0.05503437531750601
0.01,25.0,1.0,0.8,0.007400600268116356,0.007298659731705749,0.011478311826033219,32.28255786917195,2428.091857396049,2193.6778918729683,855.9428157279801,-17.834125038100716,0.05503437531750601
0.01,25.0,1.0,0.85,0.007400600268116356,0.007298659731705749,0.011478311826033219,32.28255786917195,2437.3216922364772,2193.6778918729683,855.9428157279801,-17.834125038100716,0.05503437531750601
0.01,25.0,1.0,0.95,0.007400600268116356,0.007298659731705749,0.011478311826033219,32.28255786917195,2455.7813619173344,2193.6778918729683,855.9428157279801,-17.834125038100716,0.05503437531750601
0.01,25.0,1.0,0.98,0.007400600268116356,0.007298659731705749,0.011478311826033219,32.28255786917195,2461.3192628215916,2193.6778918729683,855.9428157279801,-17.834125038100716,0.05503437531750601
0.01,25.0,2.5,0.5,0.007400600268116356,0.007298659731705749,0.011478311826033219,32.28255786917195,2355.4405213307527,2193.6778918729683,855.9428157279801,-17.834125038100716,0.05503437531750601
0.01,25.0,2.5,0.65,0.007400600268116356,0.007298659731705749,0.011478311826033219,32.28255786917195,2383.130025852038,2193.6778918729683,855.9428157279801,-17.834125038100716,0.05503437531750601
0.01,25.0,2.5,0.8,0.007400600268116356,0.007298659731705749,0.011478311826033219,32.28255786917195,2410.819530373324,2193.6778918729683,855.9428157279801,-17.834125038100716,0.05503437531750601
0.01,25.0,2.5,0.85,0.007400600268116356,0.007298659731705749,0.011478311826033219,32.28255786917195,2420.049365213752,2193.6778918729683,855.9428157279801,-17.834125038100716,0.05503437531750601
0.01,25.0,2.5,0.95,0.007400600268116356,0.007298659731705749,0.011478311826033219,32.28255786917195,2438.5090348946096,2193.6778918729683,855.9428157279801,-17.834125038100716,0.05503437531750601
0.01,25.0,2.5,0.98,0.007400600268116356,0.007298659731705749,0.011478311826033219,32.28255786917195,2444.0469357988663,2193.6778918729683,855.9428157279801,-17.834125038100716,0.05503437531750601
0.01,25.0,5.0,0.5,0.007400600268116356,0.007298659731705749,0.011478311826033219,32.28255786917195,2326.6533096262106,2193.6778918729683,855.9428157279801,-17.834125038100716,0.05503437531750601
0.01,25.0,5.0,0.65,0.007400600268116356,0.007298659731705749,0.011478311826033219,32.28255786917195,2354.342814147497,2193.6778918729683,855.9428157279801,-17.834125038100716,0.05503437531750601
0.01,25.0,5.0,0.8,0.007400600268116356,0.007298659731705749,0.011478311826033219,32.28255786917195,2382.032318668782,2193.6778918729683,855.9428157279801,-17.834125038100716,0.05503437531750601
0.01,25.0,5.0,0.85,0.007400600268116356,0.007298659731705749,0.011478311826033219,32.28255786917195,2391.2621535092107,2193.6778918729683,855.9428157279801,-17.834125038100716,0.05503437531750601
0.01,25.0,5.0,0.95,0.007400600268116356,0.007298659731705749,0.011478311826033219,32.28255786917195,2409.721823190068,2193.6778918729683,855.9428157279801,-17.834125038100716,0.05503437531750601
0.01,25.0,5.0,0.98,0.007400600268116356,0.007298659731705749,0.011478311826033219,32.28255786917195,2415.259724094325,2193.6778918729683,855.9428157279801,-17.834125038100716,0.05503437531750601
0.01,25.0,10.0,0.5,0.007400600268116356,0.007298659731705749,0.0073380441657798345,0.413878947040666,2192.677125568682,2193.6778918729683,855.9428157279801,-17.834125038100716,0.05503437531750601
0.01,25.0,10.0,0.65,0.007400600268116356,0.007298659731705749,0.011478311826033219,32.28255786917195,2296.768390738414,2193.6778918729683,855.9428157279801,-17.834125038100716,0.05503437531750601
0.01,25.0,10.0,0.8,0.007400600268116356,0.007298659731705749,0.011478311826033219,32.28255786917195,2324.4578952596994,2193.6778918729683,855.9428157279801,-17.834125038100716,0.05503437531750601
0.01,25.0,10.0,0.85,0.007400600268116356,0.007298659731705749,0.011478311826033219,32.28255786917195,2333.6877301001277,2193.6778918729683,855.9428157279801,-17.834125038100716,0.05503437531750601
0.01,25.0,10.0,0.95,0.007400600268116356,0.007298659731705749,0.011478311826033219,32.28255786917195,2352.147399780985,2193.6778918729683,855.9428157279801,-17.834125038100716,0.05503437531750601
0.01,25.0,10.0,0.98,0.007400600268116356,0.007298659731705749,0.011478311826033219,32.28255786917195,2357.685300685242,2193.6778918729683,855.9428157279801,-17.834125038100716,0.05503437531750601
0.01,25.0,20.0,0.5,0.007400600268116356,0.0073380441657798345,0.0073380441657798345,0.0,2188.0260152854385,2193.6778918729683,855.9428157279801,-17.834125038100716,0.05503437531750601
0.01,25.0,20.0,0.65,0.007400600268116356,0.0073380441657798345,0.0073380441657798345,0.0,2188.0260152854385,2193.6778918729683,855.9428157279801,-17.834125038100716,0.05503437531750601
0.01,25.0,20.0,0.8,0.007400600268116356,0.0073380441657798345,0.0073380441657798345,0.0,2188.0260152854385,2193.6778918729683,855.9428157279801,-17.834125038100716,0.05503437531750601
0.01,25.0,20.0,0.85,0.007400600268116356,0.0073380441657798345,0.0073380441657798345,0.0,2188.0260152854385,2193.6778918729683,855.9428157279801,-17.834125038100716,0.05503437531750601
0.01,25.0,20.0,0.95,0.007400600268116356,0.007298659731705749,0.011478311826033219,32.28255786917195,2236.998552962819,2193.6778918729683,855.9428157279801,-17.834125038100716,0.05503437531750601
0.01,25.0,20.0,0.98,0.007400600268116356,0.007298659731705749,0.011478311826033219,32.28255786917195,2242.536453867076,2193.6778918729683,855.9428157279801,-17.834125038100716,0.05503437531750601
0.01,50.0,1.0,0.5,0.019,0.013081926009533843,0.03212857077224325,34.32011576229523,2017.28300143371,1728.9723175398728,-2307.8281961142884,-894.9973993294273,0.03557196238471004
0.01,50.0,1.0,0.65,0.019,0.013081926009533843,0.03212857077224325,34.32011576229523,2085.210584662619,1728.9723175398728,-2307.8281961142884,-894.9973993294273,0.03557196238471004
0.01,50.0,1.0,0.8,0.019,0.013081926009533843,0.03212857077224325,34.32011576229523,2153.138167891528,1728.9723175398728,-2307.8281961142884,-894.9973993294273,0.03557196238471004
0.01,50.0,1.0,0.85,0.019,0.013081926009533843,0.03212857077224325,34.32011576229523,2175.7806956344975,1728.9723175398728,-2307.8281961142884,-894.9973993294273,0.03557196238471004
0.01,50.0,1.0,0.95,0.019,0.013081926009533843,0.03212857077224325,34.32011576229523,2221.0657511204367,1728.9723175398728,-2307.8281961142884,-894.9973993294273,0.03557196238471004
0.01,50.0,1.0,0.98,0.019,0.01718686504639152,0.05468869142959353,33.396847341973746,2293.976218489286,1728.9723175398728,-2307.8281961142884,-894.9973993294273,0.03557196238471004
0.01,50.0,2.5,0.5,0.019,0.013081926009533843,0.03212857077224325,34.32011576229523,1995.5063224619216,1728.9723175398728,-2307.8281961142884,-894.9973993294273,0.03557196238471004
0.01,50.0,2.5,0.65,0.019,0.013081926009533843,0.03212857077224325,34.32011576229523,2063.4339056908307,1728.9723175398728,-2307.8281961142884,-894.9973993294273,0.03557196238471004
0.01,50.0,2.5,0.8,0.019,0.013081926009533843,0.03212857077224325,34.32011576229523,2131.3614889197393,1728.9723175398728,-2307.8281961142884,-894.9973993294273,0.03557196238471004
0.01,50.0,2.5,0.85,0.019,0.013081926009533843,0.03212857077224325,34.32011576229523,2154.004016662709,1728.9723175398728,-2307.8281961142884,-894.9973993294273,0.03557196238471004
0.01,50.0,2.5,0.95,0.019,0.013081926009533843,0.03212857077224325,34.32011576229523,2199.2890721486483,1728.9723175398728,-2307.8281961142884,-894.9973993294273,0.03557196238471004
0.01,50.0,2.5,0.98,0.019,0.01718686504639152,0.05468869142959353,33.396847341973746,2271.369790474249,1728.9723175398728,-2307.8281961142884,-894.9973993294273,0.03557196238471004
0.01,50.0,5.0,0.5,0.019,0.013081926009533843,0.03212857077224325,34.32011576229523,1959.2118575089407,1728.9723175398728,-2307.8281961142884,-894.9973993294273,0.03557196238471004
0.01,50.0,5.0,0.65,0.019,0.013081926009533843,0.03212857077224325,34.32011576229523,2027.1394407378498,1728.9723175398728,-2307.8281961142884,-894.9973993294273,0.03557196238471004
0.01,50.0,5.0,0.8,0.019,0.013081926009533843,0.03212857077224325,34.32011576229523,2095.0670239667584,1728.9723175398728,-2307.8281961142884,-894.9973993294273,0.03557196238471004
0.01,50.0,5.0,0.85,0.019,0.013081926009533843,0.03212857077224325,34.32011576229523,2117.709551709728,1728.9723175398728,-2307.8281961142884,-894.9973993294273,0.03557196238471004
0.01,50.0,5.0,0.95,0.019,0.01718686504639152,0.05468869142959353,33.396847341973746,2216.0663891805175,1728.9723175398728,-2307.8281961142884,-894.9973993294273,0.03557196238471004
0.01,50.0,5.0,0.98,0.019,0.01718686504639152,0.05468869142959353,33.396847341973746,2233.6924104491873,1728.9723175398728,-2307.8281961142884,-894.9973993294273,0.03557196238471004
0.01,50.0,10.0,0.5,0.019,0.013081926009533843,0.03212857077224325,34.32011576229523,1886.622927602979,1728.9723175398728,-2307.8281961142884,-894.9973993294273,0.03557196238471004
0.01,50.0,10.0,0.65,0.019,0.013081926009533843,0.03212857077224325,34.32011576229523,1954.550510831888,1728.9723175398728,-2307.8281961142884,-894.9973993294273,0.03557196238471004
0.01,50.0,10.0,0.8,0.019,0.013081926009533843,0.03212857077224325,34.32011576229523,2022.4780940607966,1728.9723175398728,-2307.8281961142884,-894.9973993294273,0.03557196238471004
0.01,50.0,10.0,0.85,0.019,0.013081926009533843,0.03212857077224325,34.32011576229523,2045.1206218037664,1728.9723175398728,-2307.8281961142884,-894.9973993294273,0.03557196238471004
0.01,50.0,10.0,0.95,0.019,0.01718686504639152,0.05468869142959353,33.396847341973746,2140.711629130394,1728.9723175398728,-2307.8281961142884,-894.9973993294273,0.03557196238471004
0.01,50.0,10.0,0.98,0.019,0.01718686504639152,0.05468869142959353,33.396847341973746,2158.3376503990635,1728.9723175398728,-2307.8281961142884,-894.9973993294273,0.03557196238471004
0.01,50.0,20.0,0.5,0.019,0.01718686504639152,0.01718686504639152,0.0,1701.3048367031242,1728.9723175398728,-2307.8281961142884,-894.9973993294273,0.03557196238471004
0.01,50.0,20.0,0.65,0.019,0.015047399224871272,0.03212857077224325,27.729889451724624,1834.1046099050527,1728.9723175398728,-2307.8281961142884,-894.9973993294273,0.03557196238471004
0.01,50.0,20.0,0.8,0.019,0.013081926009533843,0.03212857077224325,34.32011576229523,1877.3002342488733,1728.9723175398728,-2307.8281961142884,-894.9973993294273,0.03557196238471004
0.01,50.0,20.0,0.85,0.019,0.013081926009533843,0.03212857077224325,34.32011576229523,1899.9427619918426,1728.9723175398728,-2307.8281961142884,-894.9973993294273,0.03557196238471004
0.01,50.0,20.0,0.95,0.019,0.01718686504639152,0.05468869142959353,33.396847341973746,1990.0021090301468,1728.9723175398728,-2307.8281961142884,-894.9973993294273,0.03557196238471004
0.01,50.0,20.0,0.98,0.019,0.01718686504639152,0.05468869142959353,33.396847341973746,2007.6281302988161,1728.9723175398728,-2307.8281961142884,-894.9973993294273,0.03557196238471004
0.02,0.0,1.0,0.5,0.0005658253343953393,0.0005069186671186311,0.0005480562870511346,30.46785787060903,3789.076217247433,3797.5766270418626,3786.818054887624,603.9758158070015,0.23157336223343605
0.02,0.0,1.0,0.65,0.0005658253343953393,0.0005069186671186311,0.0005480562870511346,30.46785787060903,3791.99335579859,3797.5766270418626,3786.818054887624,603.9758158070015,0.23157336223343605
0.02,0.0,1.0,0.8,0.0005658253343953393,0.0005480562870511346,0.0005882459895074555,26.233557873962216,3810.863822038537,3797.5766270418626,3786.818054887624,603.9758158070015,0.23157336223343605
0.02,0.0,1.0,0.85,0.0005658253343953393,0.0005480562870511346,0.0005882459895074555,26.233557873962216,3811.800896016026,3797.5766270418626,3786.818054887624,603.9758158070015,0.23157336223343605
0.02,0.0,1.0,0.95,0.0005658253343953393,0.0005480562870511346,0.0005882459895074555,26.233557873962216,3813.6750439710054,3797.5766270418626,3786.818054887624,603.9758158070015,0.23157336223343605
0.02,0.0,1.0,0.98,0.0005658253343953393,0.0005480562870511346,0.0005882459895074555,26.233557873962216,3814.237288357499,3797.5766270418626,3786.818054887624,603.9758158070015,0.23157336223343605
0.02,0.0,2.5,0.5,0.0005658253343953393,0.0005480562870511346,0.0005480562870511346,0.0,3790.7657048350643,3797.5766270418626,3786.818054887624,603.9758158070015,0.23157336223343605
0.02,0.0,2.5,0.65,0.0005658253343953393,0.0005480562870511346,0.0005480562870511346,0.0,3790.7657048350643,3797.5766270418626,3786.818054887624,603.9758158070015,0.23157336223343605
0.02,0.0,2.5,0.8,0.0005658253343953393,0.0005480562870511346,0.0005480562870511346,0.0,3790.7657048350643,3797.5766270418626,3786.818054887624,603.9758158070015,0.23157336223343605
0.02,0.0,2.5,0.85,0.0005658253343953393,0.0005480562870511346,0.0005480562870511346,0.0,3790.7657048350643,3797.5766270418626,3786.818054887624,603.9758158070015,0.23157336223343605
0.02,0.0,2.5,0.95,0.0005658253343953393,0.0005480562870511346,0.0005882459895074555,26.233557873962216,3798.8072958083067,3797.5766270418626,3786.818054887624,603.9758158070015,0.23157336223343605
0.02,0.0,2.5,0.98,0.0005658253343953393,0.0005480562870511346,0.0005882459895074555,26.233557873962216,3799.3695401948003,3797.5766270418626,3786.818054887624,603.9758158070015,0.23157336223343605
0.02,0.0,5.0,0.5,0.0005658253343953393,0.0005480562870511346,0.0005480562870511346,0.0,3790.7657048350643,3797.5766270418626,3786.818054887624,603.9758158070015,0.23157336223343605
0.02,0.0,5.0,0.65,0.0005658253343953393,0.0005480562870511346,0.0005480562870511346,0.0,3790.7657048350643,3797.5766270418626,3786.818054887624,603.9758158070015,0.23157336223343605
0.02,0.0,5.0,0.8,0.0005658253343953393,0.0005480562870511346,0.0005480562870511346,0.0,3790.7657048350643,3797.5766270418626,3786.818054887624,603.9758158070015,0.23157336223343605
0.02,0.0,5.0,0.85,0.0005658253343953393,0.0005480562870511346,0.0005480562870511346,0.0,3790.7657048350643,3797.5766270418626,3786.818054887624,603.9758158070015,0.23157336223343605
0.02,0.0,5.0,0.95,0.0005658253343953393,0.0005480562870511346,0.0005480562870511346,0.0,3790.7657048350643,3797.5766270418626,3786.818054887624,603.9758158070015,0.23157336223343605
0.02,0.0,5.0,0.98,0.0005658253343953393,0.0005480562870511346,0.0005480562870511346,0.0,3790.7657048350643,3797.5766270418626,3786.818054887624,603.9758158070015,0.23157336223343605
0.02,0.0,10.0,0.5,0.0005658253343953393,0.0005480562870511346,0.0005480562870511346,0.0,3790.7657048350643,3797.5766270418626,3786.818054887624,603.9758158070015,0.23157336223343605
0.02,0.0,10.0,0.65,0.0005658253343953393,0.0005480562870511346,0.0005480562870511346,0.0,3790.7657048350643,3797.5766270418626,3786.818054887624,603.9758158070015,0.23157336223343605
0.02,0.0,10.0,0.8,0.0005658253343953393,0.0005480562870511346,0.0005480562870511346,0.0,3790.7657048350643,3797.5766270418626,3786.818054887624,603.9758158070015,0.23157336223343605
0.02,0.0,10.0,0.85,0.0005658253343953393,0.0005480562870511346,0.0005480562870511346,0.0,3790.7657048350643,3797.5766270418626,3786.818054887624,603.9758158070015,0.23157336223343605
0.02,0.0,10.0,0.95,0.0005658253343953393,0.0005480562870511346,0.0005480562870511346,0.0,3790.7657048350643,3797.5766270418626,3786.818054887624,603.9758158070015,0.23157336223343605
0.02,0.0,10.0,0.98,0.0005658253343953393,0.0005480562870511346,0.0005480562870511346,0.0,3790.7657048350643,3797.5766270418626,3786.818054887624,603.9758158070015,0.23157336223343605
0.02,0.0,20.0,0.5,0.0005658253343953393,0.0005480562870511346,0.0005480562870511346,0.0,3790.7657048350643,3797.5766270418626,3786.818054887624,603.9758158070015,0.23157336223343605
0.02,0.0,20.0,0.65,0.0005658253343953393,0.0005480562870511346,0.0005480562870511346,0.0,3790.7657048350643,3797.5766270418626,3786.818054887624,603.9758158070015,0.23157336223343605
0.02,0.0,20.0,0.8,0.0005658253343953393,0.0005480562870511346,0.0005480562870511346,0.0,3790.7657048350643,3797.5766270418626,3786.818054887624,603.9758158070015,0.23157336223343605
0.02,0.0,20.0,0.85,0.0005658253343953393,0.0005480562870511346,0.0005480562870511346,0.0,3790.7657048350643,3797.5766270418626,3786.818054887624,603.9758158070015,0.23157336223343605
0.02,0.0,20.0,0.95,0.0005658253343953393,0.0005480562870511346,0.0005480562870511346,0.0,3790.7657048350643,3797.5766270418626,3786.818054887624,603.9758158070015,0.23157336223343605
0.02,0.0,20.0,0.98,0.0005658253343953393,0.0005480562870511346,0.0005480562870511346,0.0,3790.7657048350643,3797.5766270418626,3786.818054887624,603.9758158070015,0.23157336223343605
0.02,5.0,1.0,0.5,0.0020870935334819413,0.002071665907802535,0.0025153159394622733,32.982968394933074,3123.6071570652857,3087.963168399547,3154.0638525191703,428.54316094873616,0.11005746153238279
0.02,5.0,1.0,0.65,0.0020870935334819413,0.002071665907802535,0.0025153159394622733,32.982968394933074,3140.573432000092,3087.963168399547,3154.0638525191703,428.54316094873616,0.11005746153238279
0.02,5.0,1.0,0.8,0.0020870935334819413,0.002071665907802535,0.0025153159394622733,32.982968394933074,3157.539706934898,3087.963168399547,3154.0638525191703,428.54316094873616,0.11005746153238279
0.02,5.0,1.0,0.85,0.0020870935334819413,0.002071665907802535,0.0025153159394622733,32.982968394933074,3163.1951319131663,3087.963168399547,3154.0638525191703,428.54316094873616,0.11005746153238279
0.02,5.0,1.0,0.95,0.0020870935334819413,0.002059595134810629,0.0025153159394622733,34.19276839397502,3186.0852426592637,3087.963168399547,3154.0638525191703,428.54316094873616,0.11005746153238279
0.02,5.0,1.0,0.98,0.0020870935334819413,0.002059595134810629,0.0025153159394622733,34.19276839397502,3189.859487926307,3087.963168399547,3154.0638525191703,428.54316094873616,0.11005746153238279
0.02,5.0,2.5,0.5,0.0020870935334819413,0.002071665907802535,0.0025153159394622733,32.982968394933074,3103.659312719433,3087.963168399547,3154.0638525191703,428.54316094873616,0.11005746153238279
0.02,5.0,2.5,0.65,0.0020870935334819413,0.002071665907802535,0.0025153159394622733,32.982968394933074,3120.625587654239,3087.963168399547,3154.0638525191703,428.54316094873616,0.11005746153238279
0.02,5.0,2.5,0.8,0.0020870935334819413,0.002071665907802535,0.0025153159394622733,32.982968394933074,3137.5918625890445,3087.963168399547,3154.0638525191703,428.54316094873616,0.11005746153238279
0.02,5.0,2.5,0.85,0.0020870935334819413,0.002071665907802535,0.0025153159394622733,32.982968394933074,3143.2472875673134,3087.963168399547,3154.0638525191703,428.54316094873616,0.11005746153238279
0.02,5.0,2.5,0.95,0.0020870935334819413,0.002071665907802535,0.0025153159394622733,32.982968394933074,3154.5581375238507,3087.963168399547,3154.0638525191703,428.54316094873616,0.11005746153238279
0.02,5.0,2.5,0.98,0.0020870935334819413,0.002071665907802535,0.0025153159394622733,32.982968394933074,3157.9513925108113,3087.963168399547,3154.0638525191703,428.54316094873616,0.11005746153238279
0.02,5.0,5.0,0.5,0.0020870935334819413,0.002071665907802535,0.002071665907802535,0.0,3085.2765444056886,3087.963168399547,3154.0638525191703,428.54316094873616,0.11005746153238279
0.02,5.0,5.0,0.65,0.0020870935334819413,0.002071665907802535,0.002071665907802535,0.0,3085.2765444056886,3087.963168399547,3154.0638525191703,428.54316094873616,0.11005746153238279
0.02,5.0,5.0,0.8,0.0020870935334819413,0.002071665907802535,0.0025153159394622733,32.982968394933074,3104.3454553459565,3087.963168399547,3154.0638525191703,428.54316094873616,0.11005746153238279
0.02,5.0,5.0,0.85,0.0020870935334819413,0.002071665907802535,0.0025153159394622733,32.982968394933074,3110.000880324225,3087.963168399547,3154.0638525191703,428.54316094873616,0.11005746153238279
0.02,5.0,5.0,0.95,0.0020870935334819413,0.002071665907802535,0.0025153159394622733,32.982968394933074,3121.3117302807623,3087.963168399547,3154.0638525191703,428.54316094873616,0.11005746153238279
0.02,5.0,5.0,0.98,0.0020870935334819413,0.002071665907802535,0.0025153159394622733,32.982968394933074,3124.704985267723,3087.963168399547,3154.0638525191703,428.54316094873616,0.11005746153238279
0.02,5.0,10.0,0.5,0.0020870935334819413,0.002071665907802535,0.002071665907802535,0.0,3085.2765444056886,3087.963168399547,3154.0638525191703,428.54316094873616,0.11005746153238279
0.02,5.0,10.0,0.65,0.0020870935334819413,0.002071665907802535,0.002071665907802535,0.0,3085.2765444056886,3087.963168399547,3154.0638525191703,428.54316094873616,0.11005746153238279
0.02,5.0,10.0,0.8,0.0020870935334819413,0.002071665907802535,0.002071665907802535,0.0,3085.2765444056886,3087.963168399547,3154.0638525191703,428.54316094873616,0.11005746153238279
0.02,5.0,10.0,0.85,0.0020870935334819413,0.002071665907802535,0.002071665907802535,0.0,3085.2765444056886,3087.963168399547,3154.0638525191703,428.54316094873616,0.11005746153238279
0.02,5.0,10.0,0.95,0.0020870935334819413,0.002071665907802535,0.002071665907802535,0.0,3085.2765444056886,3087.963168399547,3154.0638525191703,428.54316094873616,0.11005746153238279
0.02,5.0,10.0,0.98,0.0020870935334819413,0.002071665907802535,0.002071665907802535,0.0,3085.2765444056886,3087.963168399547,3154.0638525191703,428.54316094873616,0.11005746153238279
0.02,5.0,20.0,0.5,0.0020870935334819413,0.002071665907802535,0.002071665907802535,0.0,3085.2765444056886,3087.963168399547,3154.0638525191703,428.54316094873616,0.11005746153238279
0.02,5.0,20.0,0.65,0.0020870935334819413,0.002071665907802535,0.002071665907802535,0.0,3085.2765444056886,3087.963168399547,3154.0638525191703,428.54316094873616,0.11005746153238279
0.02,5.0,20.0,0.8,0.0020870935334819413,0.002071665907802535,0.002071665907802535,0.0,3085.2765444056886,3087.963168399547,3154.0638525191703,428.54316094873616,0.11005746153238279
0.02,5.0,20.0,0.85,0.0020870935334819413,0.002071665907802535,0.002071665907802535,0.0,3085.2765444056886,3087.963168399547,3154.0638525191703,428.54316094873616,0.11005746153238279
0.02,5.0,20.0,0.95,0.0020870935334819413,0.002071665907802535,0.002071665907802535,0.0,3085.2765444056886,3087.963168399547,3154.0638525191703,428.54316094873616,0.11005746153238279
0.02,5.0,20.0,0.98,0.0020870935334819413,0.002071665907802535,0.002071665907802535,0.0,3085.2765444056886,3087.963168399547,3154.0638525191703,428.54316094873616,0.11005746153238279
0.02,10.0,1.0,0.5,0.004462147456466892,0.004204612080190862,0.0058080966179089605,33.26949997365354,2808.716193540371,2734.854243235001,2521.3096501507166,253.11050609047086,0.07152775425881397
0.02,10.0,1.0,0.65,0.004462147456466892,0.004204612080190862,0.0058080966179089605,33.26949997365354,2832.80339169799,2734.854243235001,2521.3096501507166,253.11050609047086,0.07152775425881397
0.02,10.0,1.0,0.8,0.004462147456466892,0.004204612080190862,0.0058080966179089605,33.26949997365354,2856.890589855608,2734.854243235001,2521.3096501507166,253.11050609047086,0.07152775425881397
0.02,10.0,1.0,0.85,0.004462147456466892,0.004204612080190862,0.0058080966179089605,33.26949997365354,2864.9196559081483,2734.854243235001,2521.3096501507166,253.11050609047086,0.07152775425881397
0.02,10.0,1.0,0.95,0.004462147456466892,0.004204612080190862,0.0058080966179089605,33.26949997365354,2880.9777880132274,2734.854243235001,2521.3096501507166,253.11050609047086,0.07152775425881397
0.02,10.0,1.0,0.98,0.004462147456466892,0.004204612080190862,0.0058080966179089605,33.26949997365354,2885.795227644751,2734.854243235001,2521.3096501507166,253.11050609047086,0.07152775425881397
0.02,10.0,2.5,0.5,0.004462147456466892,0.004204612080190862,0.0058080966179089605,33.26949997365354,2788.802216502406,2734.854243235001,2521.3096501507166,253.11050609047086,0.07152775425881397
0.02,10.0,2.5,0.65,0.004462147456466892,0.004204612080190862,0.0058080966179089605,33.26949997365354,2812.889414660024,2734.854243235001,2521.3096501507166,253.11050609047086,0.07152775425881397
0.02,10.0,2.5,0.8,0.004462147456466892,0.004204612080190862,0.0058080966179089605,33.26949997365354,2836.9766128176434,2734.854243235001,2521.3096501507166,253.11050609047086,0.07152775425881397
0.02,10.0,2.5,0.85,0.004462147456466892,0.004204612080190862,0.0058080966179089605,33.26949997365354,2845.0056788701827,2734.854243235001,2521.3096501507166,253.11050609047086,0.07152775425881397
0.02,10.0,2.5,0.95,0.004462147456466892,0.004204612080190862,0.0058080966179089605,33.26949997365354,2861.0638109752617,2734.854243235001,2521.3096501507166,253.11050609047086,0.07152775425881397
0.02,10.0,2.5,0.98,0.004462147456466892,0.004204612080190862,0.0058080966179089605,33.26949997365354,2865.8812506067857,2734.854243235001,2521.3096501507166,253.11050609047086,0.07152775425881397
0.02,10.0,5.0,0.5,0.004462147456466892,0.003252757229545643,0.004072671288525084,28.36662629332565,2753.0410857858888,2734.854243235001,2521.3096501507166,253.11050609047086,0.07152775425881397
0.02,10.0,5.0,0.65,0.004462147456466892,0.004204612080190862,0.0058080966179089605,33.26949997365354,2779.6994529300823,2734.854243235001,2521.3096501507166,253.11050609047086,0.07152775425881397
0.02,10.0,5.0,0.8,0.004462147456466892,0.004204612080190862,0.0058080966179089605,33.26949997365354,2803.786651087701,2734.854243235001,2521.3096501507166,253.11050609047086,0.07152775425881397
0.02,10.0,5.0,0.85,0.004462147456466892,0.004204612080190862,0.0058080966179089605,33.26949997365354,2811.815717140241,2734.854243235001,2521.3096501507166,253.11050609047086,0.07152775425881397
0.02,10.0,5.0,0.95,0.004462147456466892,0.004204612080190862,0.0058080966179089605,33.26949997365354,2827.87384924532,2734.854243235001,2521.3096501507166,253.11050609047086,0.07152775425881397
0.02,10.0,5.0,0.98,0.004462147456466892,0.004204612080190862,0.0058080966179089605,33.26949997365354,2832.6912888768434,2734.854243235001,2521.3096501507166,253.11050609047086,0.07152775425881397
0.02,10.0,10.0,0.5,0.004462147456466892,0.004072671288525084,0.004072671288525084,0.0,2752.2652986532075,2734.854243235001,2521.3096501507166,253.11050609047086,0.07152775425881397
0.02,10.0,10.0,0.65,0.004462147456466892,0.004072671288525084,0.004072671288525084,0.0,2752.2652986532075,2734.854243235001,2521.3096501507166,253.11050609047086,0.07152775425881397
0.02,10.0,10.0,0.8,0.004462147456466892,0.004072671288525084,0.004072671288525084,0.0,2752.2652986532075,2734.854243235001,2521.3096501507166,253.11050609047086,0.07152775425881397
0.02,10.0,10.0,0.85,0.004462147456466892,0.004072671288525084,0.005335471533751114,28.334789451245598,2755.246374166014,2734.854243235001,2521.3096501507166,253.11050609047086,0.07152775425881397
0.02,10.0,10.0,0.95,0.004462147456466892,0.004072671288525084,0.005335471533751114,28.334789451245598,2772.39766281708,2734.854243235001,2521.3096501507166,253.11050609047086,0.07152775425881397
0.02,10.0,10.0,0.98,0.004462147456466892,0.004072671288525084,0.005335471533751114,28.334789451245598,2777.5430494123993,2734.854243235001,2521.3096501507166,253.11050609047086,0.07152775425881397
0.02,10.0,20.0,0.5,0.004462147456466892,0.004072671288525084,0.004072671288525084,0.0,2752.2652986532075,2734.854243235001,2521.3096501507166,253.11050609047086,0.07152775425881397
0.02,10.0,20.0,0.65,0.004462147456466892,0.004072671288525084,0.004072671288525084,0.0,2752.2652986532075,2734.854243235001,2521.3096501507166,253.11050609047086,0.07152775425881397
0.02,10.0,20.0,0.8,0.004462147456466892,0.004072671288525084,0.004072671288525084,0.0,2752.2652986532075,2734.854243235001,2521.3096501507166,253.11050609047086,0.07152775425881397
0.02,10.0,20.0,0.85,0.004462147456466892,0.004072671288525084,0.004072671288525084,0.0,2752.2652986532075,2734.854243235001,2521.3096501507166,253.11050609047086,0.07152775425881397
0.02,10.0,20.0,0.95,0.004462147456466892,0.004072671288525084,0.004072671288525084,0.0,2752.2652986532075,2734.854243235001,2521.3096501507166,253.11050609047086,0.07152775425881397
0.02,10.0,20.0,0.98,0.004462147456466892,0.004072671288525084,0.004072671288525084,0.0,2752.2652986532075,2734.854243235001,2521.3096501507166,253.11050609047086,0.07152775425881397
0.02,25.0,1.0,0.5,0.007400600268116356,0.008128161351207695,0.014151409313855156,34.12909470981492,2368.890512186579,2116.182823404561,623.0470430453554,-273.1874584843251,0.05503437531750601
0.02,25.0,1.0,0.65,0.007400600268116356,0.008128161351207695,0.014151409313855156,34.12909470981492,2401.284173919908,2116.182823404561,623.0470430453554,-273.1874584843251,0.05503437531750601
0.02,25.0,1.0,0.8,0.007400600268116356,0.008128161351207695,0.014151409313855156,34.12909470981492,2433.677835653237,2116.182823404561,623.0470430453554,-273.1874584843251,0.05503437531750601
0.02,25.0,1.0,0.85,0.007400600268116356,0.008128161351207695,0.014151409313855156,34.12909470981492,2444.4757228976796,2116.182823404561,623.0470430453554,-273.1874584843251,0.05503437531750601
0.02,25.0,1.0,0.95,0.007400600268116356,0.008128161351207695,0.014151409313855156,34.12909470981492,2466.0714973865656,2116.182823404561,623.0470430453554,-273.1874584843251,0.05503437531750601
0.02,25.0,1.0,0.98,0.007400600268116356,0.008128161351207695,0.014151409313855156,34.12909470981492,2472.550229733231,2116.182823404561,623.0470430453554,-273.1874584843251,0.05503437531750601
0.02,25.0,2.5,0.5,0.007400600268116356,0.008128161351207695,0.014151409313855156,34.12909470981492,2349.704682268199,2116.182823404561,623.0470430453554,-273.1874584843251,0.05503437531750601
0.02,25.0,2.5,0.65,0.007400600268116356,0.008128161351207695,0.014151409313855156,34.12909470981492,2382.0983440015284,2116.182823404561,623.0470430453554,-273.1874584843251,0.05503437531750601
0.02,25.0,2.5,0.8,0.007400600268116356,0.007298659731705749,0.011478311826033219,32.28255786917195,2352.0103706212326,2116.182823404561,623.0470430453554,-273.1874584843251,0.05503437531750601
0.02,25.0,2.5,0.85,0.007400600268116356,0.007298659731705749,0.011478311826033219,32.28255786917195,2361.240205461661,2116.182823404561,623.0470430453554,-273.1874584843251,0.05503437531750601
0.02,25.0,2.5,0.95,0.007400600268116356,0.007298659731705749,0.011478311826033219,32.28255786917195,2379.6998751425185,2116.182823404561,623.0470430453554,-273.1874584843251,0.05503437531750601
0.02,25.0,2.5,0.98,0.007400600268116356,0.007298659731705749,0.011478311826033219,32.28255786917195,2385.2377760467753,2116.182823404561,623.0470430453554,-273.1874584843251,0.05503437531750601
0.02,25.0,5.0,0.5,0.007400600268116356,0.007298659731705749,0.011478311826033219,32.28255786917195,2267.84414987412,2116.182823404561,623.0470430453554,-273.1874584843251,0.05503437531750601
0.02,25.0,5.0,0.65,0.007400600268116356,0.007298659731705749,0.011478311826033219,32.28255786917195,2295.533654395406,2116.182823404561,623.0470430453554,-273.1874584843251,0.05503437531750601
0.02,25.0,5.0,0.8,0.007400600268116356,0.007298659731705749,0.011478311826033219,32.28255786917195,2323.2231589166913,2116.182823404561,623.0470430453554,-273.1874584843251,0.05503437531750601
0.02,25.0,5.0,0.85,0.007400600268116356,0.007298659731705749,0.011478311826033219,32.28255786917195,2332.45299375712,2116.182823404561,623.0470430453554,-273.1874584843251,0.05503437531750601
0.02,25.0,5.0,0.95,0.007400600268116356,0.007298659731705749,0.011478311826033219,32.28255786917195,2350.912663437977,2116.182823404561,623.0470430453554,-273.1874584843251,0.05503437531750601
0.02,25.0,5.0,0.98,0.007400600268116356,0.007298659731705749,0.011478311826033219,32.28255786917195,2356.450564342234,2116.182823404561,623.0470430453554,-273.1874584843251,0.05503437531750601
0.02,25.0,10.0,0.5,0.007400600268116356,0.007298659731705749,0.011478311826033219,32.28255786917195,2210.2697264650365,2116.182823404561,623.0470430453554,-273.1874584843251,0.05503437531750601
0.02,25.0,10.0,0.65,0.007400600268116356,0.007298659731705749,0.011478311826033219,32.28255786917195,2237.9592309863215,2116.182823404561,623.0470430453554,-273.1874584843251,0.05503437531750601
0.02,25.0,10.0,0.8,0.007400600268116356,0.007298659731705749,0.011478311826033219,32.28255786917195,2265.648735507608,2116.182823404561,623.0470430453554,-273.1874584843251,0.05503437531750601
0.02,25.0,10.0,0.85,0.007400600268116356,0.007298659731705749,0.011478311826033219,32.28255786917195,2274.878570348036,2116.182823404561,623.0470430453554,-273.1874584843251,0.05503437531750601
0.02,25.0,10.0,0.95,0.007400600268116356,0.007298659731705749,0.011478311826033219,32.28255786917195,2293.3382400288933,2116.182823404561,623.0470430453554,-273.1874584843251,0.05503437531750601
0.02,25.0,10.0,0.98,0.007400600268116356,0.007298659731705749,0.011478311826033219,32.28255786917195,2298.876140933151,2116.182823404561,623.0470430453554,-273.1874584843251,0.05503437531750601
0.02,25.0,20.0,0.5,0.007400600268116356,0.0073380441657798345,0.0073380441657798345,0.0,2109.8941524706147,2116.182823404561,623.0470430453554,-273.1874584843251,0.05503437531750601
0.02,25.0,20.0,0.65,0.007400600268116356,0.0073380441657798345,0.0073380441657798345,0.0,2109.8941524706147,2116.182823404561,623.0470430453554,-273.1874584843251,0.05503437531750601
0.02,25.0,20.0,0.8,0.007400600268116356,0.0073380441657798345,0.0073380441657798345,0.0,2109.8941524706147,2116.182823404561,623.0470430453554,-273.1874584843251,0.05503437531750601
0.02,25.0,20.0,0.85,0.007400600268116356,0.0073380441657798345,0.011478311826033219,31.868678922131284,2152.364712974559,2116.182823404561,623.0470430453554,-273.1874584843251,0.05503437531750601
0.02,25.0,20.0,0.95,0.007400600268116356,0.007298659731705749,0.011478311826033219,32.28255786917195,2178.1893932107273,2116.182823404561,623.0470430453554,-273.1874584843251,0.05503437531750601
0.02,25.0,20.0,0.98,0.007400600268116356,0.007298659731705749,0.011478311826033219,32.28255786917195,2183.727294114984,2116.182823404561,623.0470430453554,-273.1874584843251,0.05503437531750601
0.02,50.0,1.0,0.5,0.019,0.013081926009533843,0.03212857077224325,34.32011576229523,1988.5574626612874,1688.2679436899505,-2540.7239687969127,-1150.3507327756517,0.03557196238471004
0.02,50.0,1.0,0.65,0.019,0.013081926009533843,0.03212857077224325,34.32011576229523,2056.4850458901965,1688.2679436899505,-2540.7239687969127,-1150.3507327756517,0.03557196238471004
0.02,50.0,1.0,0.8,0.019,0.013081926009533843,0.03212857077224325,34.32011576229523,2124.412629119105,1688.2679436899505,-2540.7239687969127,-1150.3507327756517,0.03557196238471004
0.02,50.0,1.0,0.85,0.019,0.013081926009533843,0.03212857077224325,34.32011576229523,2147.055156862075,1688.2679436899505,-2540.7239687969127,-1150.3507327756517,0.03557196238471004
0.02,50.0,1.0,0.95,0.019,0.01718686504639152,0.05468869142959353,33.396847341973746,2257.3376716225757,1688.2679436899505,-2540.7239687969127,-1150.3507327756517,0.03557196238471004
0.02,50.0,1.0,0.98,0.019,0.01718686504639152,0.05468869142959353,33.396847341973746,2274.963692891246,1688.2679436899505,-2540.7239687969127,-1150.3507327756517,0.03557196238471004
0.02,50.0,2.5,0.5,0.019,0.013081926009533843,0.03212857077224325,34.32011576229523,1966.7807836894988,1688.2679436899505,-2540.7239687969127,-1150.3507327756517,0.03557196238471004
0.02,50.0,2.5,0.65,0.019,0.013081926009533843,0.03212857077224325,34.32011576229523,2034.7083669184078,1688.2679436899505,-2540.7239687969127,-1150.3507327756517,0.03557196238471004
0.02,50.0,2.5,0.8,0.019,0.013081926009533843,0.03212857077224325,34.32011576229523,2102.6359501473166,1688.2679436899505,-2540.7239687969127,-1150.3507327756517,0.03557196238471004
0.02,50.0,2.5,0.85,0.019,0.013081926009533843,0.03212857077224325,34.32011576229523,2125.278477890286,1688.2679436899505,-2540.7239687969127,-1150.3507327756517,0.03557196238471004
0.02,50.0,2.5,0.95,0.019,0.01718686504639152,0.05468869142959353,33.396847341973746,2234.731243607539,1688.2679436899505,-2540.7239687969127,-1150.3507327756517,0.03557196238471004
0.02,50.0,2.5,0.98,0.019,0.01718686504639152,0.05468869142959353,33.396847341973746,2252.357264876209,1688.2679436899505,-2540.7239687969127,-1150.3507327756517,0.03557196238471004
0.02,50.0,5.0,0.5,0.019,0.013081926009533843,0.03212857077224325,34.32011576229523,1930.486318736518,1688.2679436899505,-2540.7239687969127,-1150.3507327756517,0.03557196238471004
0.02,50.0,5.0,0.65,0.019,0.013081926009533843,0.03212857077224325,34.32011576229523,1998.4139019654267,1688.2679436899505,-2540.7239687969127,-1150.3507327756517,0.03557196238471004
0.02,50.0,5.0,0.8,0.019,0.013081926009533843,0.03212857077224325,34.32011576229523,2066.3414851943357,1688.2679436899505,-2540.7239687969127,-1150.3507327756517,0.03557196238471004
0.02,50.0,5.0,0.85,0.019,0.013081926009533843,0.03212857077224325,34.32011576229523,2088.9840129373056,1688.2679436899505,-2540.7239687969127,-1150.3507327756517,0.03557196238471004
0.02,50.0,5.0,0.95,0.019,0.01718686504639152,0.05468869142959353,33.396847341973746,2197.0538635824773,1688.2679436899505,-2540.7239687969127,-1150.3507327756517,0.03557196238471004
0.02,50.0,5.0,0.98,0.019,0.01718686504639152,0.05468869142959353,33.396847341973746,2214.6798848511467,1688.2679436899505,-2540.7239687969127,-1150.3507327756517,0.03557196238471004
0.02,50.0,10.0,0.5,0.019,0.013081926009533843,0.03212857077224325,34.32011576229523,1857.8973888305563,1688.2679436899505,-2540.7239687969127,-1150.3507327756517,0.03557196238471004
0.02,50.0,10.0,0.65,0.019,0.013081926009533843,0.03212857077224325,34.32011576229523,1925.8249720594652,1688.2679436899505,-2540.7239687969127,-1150.3507327756517,0.03557196238471004
0.02,50.0,10.0,0.8,0.019,0.013081926009533843,0.03212857077224325,34.32011576229523,1993.752555288374,1688.2679436899505,-2540.7239687969127,-1150.3507327756517,0.03557196238471004
0.02,50.0,10.0,0.85,0.019,0.013081926009533843,0.03212857077224325,34.32011576229523,2016.3950830313438,1688.2679436899505,-2540.7239687969127,-1150.3507327756517,0.03557196238471004
0.02,50.0,10.0,0.95,0.019,0.01718686504639152,0.05468869142959353,33.396847341973746,2121.699103532354,1688.2679436899505,-2540.7239687969127,-1150.3507327756517,0.03557196238471004
0.02,50.0,10.0,0.98,0.019,0.01718686504639152,0.05468869142959353,33.396847341973746,2139.3251248010233,1688.2679436899505,-2540.7239687969127,-1150.3507327756517,0.03557196238471004
0.02,50.0,20.0,0.5,0.019,0.01718686504639152,0.01718686504639152,0.0,1657.1705498921833,1688.2679436899505,-2540.7239687969127,-1150.3507327756517,0.03557196238471004
0.02,50.0,20.0,0.65,0.019,0.015047399224871272,0.03212857077224325,27.729889451724624,1805.37907113263,1688.2679436899505,-2540.7239687969127,-1150.3507327756517,0.03557196238471004
0.02,50.0,20.0,0.8,0.019,0.013081926009533843,0.03212857077224325,34.32011576229523,1848.5746954764504,1688.2679436899505,-2540.7239687969127,-1150.3507327756517,0.03557196238471004
0.02,50.0,20.0,0.85,0.019,0.013081926009533843,0.03212857077224325,34.32011576229523,1871.21722321942,1688.2679436899505,-2540.7239687969127,-1150.3507327756517,0.03557196238471004
0.02,50.0,20.0,0.95,0.019,0.01718686504639152,0.05468869142959353,33.396847341973746,1970.9895834321064,1688.2679436899505,-2540.7239687969127,-1150.3507327756517,0.03557196238471004
0.02,50.0,20.0,0.98,0.019,0.01718686504639152,0.05468869142959353,33.396847341973746,1988.6156047007762,1688.2679436899505,-2540.7239687969127,-1150.3507327756517,0.03557196238471004
0.035,0.0,1.0,0.5,0.0012200447294195178,0.001195471869361305,0.0013653242145707845,30.69071576516939,3444.8838513902665,3404.7546880256523,3437.4743958636864,220.94581563766488,0.14908388932163782
0.035,0.0,1.0,0.65,0.0012200447294195178,0.001195471869361305,0.0013653242145707845,30.69071576516939,3452.9341815965186,3404.7546880256523,3437.4743958636864,220.94581563766488,0.14908388932163782
0.035,0.0,1.0,0.8,0.0012200447294195178,0.001195471869361305,0.0013653242145707845,30.69071576516939,3460.984511802771,3404.7546880256523,3437.4743958636864,220.94581563766488,0.14908388932163782
0.035,0.0,1.0,0.85,0.0012200447294195178,0.001195471869361305,0.0013653242145707845,30.69071576516939,3463.6679552048554,3404.7546880256523,3437.4743958636864,220.94581563766488,0.14908388932163782
0.035,0.0,1.0,0.95,0.0012200447294195178,0.001195471869361305,0.0013653242145707845,30.69071576516939,3469.034842009023,3404.7546880256523,3437.4743958636864,220.94581563766488,0.14908388932163782
0.035,0.0,1.0,0.98,0.0012200447294195178,0.002059595134810629,0.0025153159394622733,34.19276839397502,3372.006550332469,3404.7546880256523,3437.4743958636864,220.94581563766488,0.14908388932163782
0.035,0.0,2.5,0.5,0.0012200447294195178,0.001195471869361305,0.001195471869361305,0.0,3414.8911438118803,3404.7546880256523,3437.4743958636864,220.94581563766488,0.14908388932163782
0.035,0.0,2.5,0.65,0.0012200447294195178,0.001195471869361305,0.0013653242145707845,30.69071576516939,3434.2394276425107,3404.7546880256523,3437.4743958636864,220.94581563766488,0.14908388932163782
0.035,0.0,2.5,0.8,0.0012200447294195178,0.001195471869361305,0.0013653242145707845,30.69071576516939,3442.289757848763,3404.7546880256523,3437.4743958636864,220.94581563766488,0.14908388932163782
0.035,0.0,2.5,0.85,0.0012200447294195178,0.001195471869361305,0.0013653242145707845,30.69071576516939,3444.9732012508466,3404.7546880256523,3437.4743958636864,220.94581563766488,0.14908388932163782
0.035,0.0,2.5,0.95,0.0012200447294195178,0.001195471869361305,0.0013653242145707845,30.69071576516939,3450.3400880550143,3404.7546880256523,3437.4743958636864,220.94581563766488,0.14908388932163782
0.035,0.0,2.5,0.98,0.0012200447294195178,0.001195471869361305,0.0013653242145707845,30.69071576516939,3451.950154096265,3404.7546880256523,3437.4743958636864,220.94581563766488,0.14908388932163782
0.035,0.0,5.0,0.5,0.0012200447294195178,0.001195471869361305,0.001195471869361305,0.0,3414.8911438118803,3404.7546880256523,3437.4743958636864,220.94581563766488,0.14908388932163782
0.035,0.0,5.0,0.65,0.0012200447294195178,0.001195471869361305,0.001195471869361305,0.0,3414.8911438118803,3404.7546880256523,3437.4743958636864,220.94581563766488,0.14908388932163782
0.035,0.0,5.0,0.8,0.0012200447294195178,0.001195471869361305,0.001195471869361305,0.0,3414.8911438118803,3404.7546880256523,3437.4743958636864,220.94581563766488,0.14908388932163782
0.035,0.0,5.0,0.85,0.0012200447294195178,0.001195471869361305,0.001195471869361305,0.0,3414.8911438118803,3404.7546880256523,3437.4743958636864,220.94581563766488,0.14908388932163782
0.035,0.0,5.0,0.95,0.0012200447294195178,0.001195471869361305,0.00127145800349359,14.167394725622799,3419.0236551856574,3404.7546880256523,3437.4743958636864,220.94581563766488,0.14908388932163782
0.035,0.0,5.0,0.98,0.0012200447294195178,0.001195471869361305,0.00127145800349359,14.167394725622799,3419.890958670603,3404.7546880256523,3437.4743958636864,220.94581563766488,0.14908388932163782
0.035,0.0,10.0,0.5,0.0012200447294195178,0.001195471869361305,0.001195471869361305,0.0,3414.8911438118803,3404.7546880256523,3437.4743958636864,220.94581563766488,0.14908388932163782
0.035,0.0,10.0,0.65,0.0012200447294195178,0.001195471869361305,0.001195471869361305,0.0,3414.8911438118803,3404.7546880256523,3437.4743958636864,220.94581563766488,0.14908388932163782
0.035,0.0,10.0,0.8,0.0012200447294195178,0.001195471869361305,0.001195471869361305,0.0,3414.8911438118803,3404.7546880256523,3437.4743958636864,220.94581563766488,0.14908388932163782
0.035,0.0,10.0,0.85,0.0012200447294195178,0.001195471869361305,0.001195471869361305,0.0,3414.8911438118803,3404.7546880256523,3437.4743958636864,220.94581563766488,0.14908388932163782
0.035,0.0,10.0,0.95,0.0012200447294195178,0.001195471869361305,0.001195471869361305,0.0,3414.8911438118803,3404.7546880256523,3437.4743958636864,220.94581563766488,0.14908388932163782
0.035,0.0,10.0,0.98,0.0012200447294195178,0.001195471869361305,0.001195471869361305,0.0,3414.8911438118803,3404.7546880256523,3437.4743958636864,220.94581563766488,0.14908388932163782
0.035,0.0,20.0,0.5,0.0012200447294195178,0.001195471869361305,0.001195471869361305,0.0,3414.8911438118803,3404.7546880256523,3437.4743958636864,220.94581563766488,0.14908388932163782
0.035,0.0,20.0,0.65,0.0012200447294195178,0.001195471869361305,0.001195471869361305,0.0,3414.8911438118803,3404.7546880256523,3437.4743958636864,220.94581563766488,0.14908388932163782
0.035,0.0,20.0,0.8,0.0012200447294195178,0.001195471869361305,0.001195471869361305,0.0,3414.8911438118803,3404.7546880256523,3437.4743958636864,220.94581563766488,0.14908388932163782
0.035,0.0,20.0,0.85,0.0012200447294195178,0.001195471869361305,0.001195471869361305,0.0,3414.8911438118803,3404.7546880256523,3437.4743958636864,220.94581563766488,0.14908388932163782
0.035,0.0,20.0,0.95,0.0012200447294195178,0.001195471869361305,0.001195471869361305,0.0,3414.8911438118803,3404.7546880256523,3437.4743958636864,220.94581563766488,0.14908388932163782
0.035,0.0,20.0,0.98,0.0012200447294195178,0.001195471869361305,0.001195471869361305,0.0,3414.8911438118803,3404.7546880256523,3437.4743958636864,220.94581563766488,0.14908388932163782
0.035,5.0,1.0,0.5,0.003219486274546922,0.0022772116202897682,0.0027765086981941535,32.28255786917195,2895.7017114844066,2880.459270215961,2804.7201934952323,45.513160779399556,0.0860003838294894
0.035,5.0,1.0,0.65,0.003219486274546922,0.0022772116202897682,0.0027765086981941535,32.28255786917195,2905.538501540965,2880.459270215961,2804.7201934952323,45.513160779399556,0.0860003838294894
0.035,5.0,1.0,0.8,0.003219486274546922,0.0029450765638398884,0.0038075332604876515,33.906236815254566,2984.197855973629,2880.459270215961,2804.7201934952323,45.513160779399556,0.0860003838294894
0.035,5.0,1.0,0.85,0.003219486274546922,0.0029450765638398884,0.0038075332604876515,33.906236815254566,2991.647254828914,2880.459270215961,2804.7201934952323,45.513160779399556,0.0860003838294894
0.035,5.0,1.0,0.95,0.003219486274546922,0.0029450765638398884,0.0038075332604876515,33.906236815254566,3006.546052539484,2880.459270215961,2804.7201934952323,45.513160779399556,0.0860003838294894
0.035,5.0,1.0,0.98,0.003219486274546922,0.0029450765638398884,0.0038075332604876515,33.906236815254566,3011.0156918526545,2880.459270215961,2804.7201934952323,45.513160779399556,0.0860003838294894
0.035,5.0,2.5,0.5,0.003219486274546922,0.002670572117340065,0.003252757229545643,28.334789451245598,2895.214026089117,2880.459270215961,2804.7201934952323,45.513160779399556,0.0860003838294894
0.035,5.0,2.5,0.65,0.003219486274546922,0.002670572117340065,0.003252757229545643,28.334789451245598,2911.214313961234,2880.459270215961,2804.7201934952323,45.513160779399556,0.0860003838294894
0.035,5.0,2.5,0.8,0.003219486274546922,0.002670572117340065,0.003252757229545643,28.334789451245598,2927.214601833351,2880.459270215961,2804.7201934952323,45.513160779399556,0.0860003838294894
0.035,5.0,2.5,0.85,0.003219486274546922,0.002670572117340065,0.003252757229545643,28.334789451245598,2932.5480311240567,2880.459270215961,2804.7201934952323,45.513160779399556,0.0860003838294894
0.035,5.0,2.5,0.95,0.003219486274546922,0.003252757229545643,0.004204612080190862,32.1870473429318,2963.866405831949,2880.459270215961,2804.7201934952323,45.513160779399556,0.0860003838294894
0.035,5.0,2.5,0.98,0.003219486274546922,0.003252757229545643,0.004204612080190862,32.1870473429318,2968.072857554102,2880.459270215961,2804.7201934952323,45.513160779399556,0.0860003838294894
0.035,5.0,5.0,0.5,0.003219486274546922,0.002670572117340065,0.0027765086981941535,6.176347363529939,2866.157746074217,2880.459270215961,2804.7201934952323,45.513160779399556,0.0860003838294894
0.035,5.0,5.0,0.65,0.003219486274546922,0.002670572117340065,0.003252757229545643,28.334789451245598,2881.94731539495,2880.459270215961,2804.7201934952323,45.513160779399556,0.0860003838294894
0.035,5.0,5.0,0.8,0.003219486274546922,0.002670572117340065,0.003252757229545643,28.334789451245598,2897.9476032670673,2880.459270215961,2804.7201934952323,45.513160779399556,0.0860003838294894
0.035,5.0,5.0,0.85,0.003219486274546922,0.002670572117340065,0.003252757229545643,28.334789451245598,2903.2810325577725,2880.459270215961,2804.7201934952323,45.513160779399556,0.0860003838294894
0.035,5.0,5.0,0.95,0.003219486274546922,0.002670572117340065,0.003252757229545643,28.334789451245598,2913.9478911391843,2880.459270215961,2804.7201934952323,45.513160779399556,0.0860003838294894
0.035,5.0,5.0,0.98,0.003219486274546922,0.002670572117340065,0.003252757229545643,28.334789451245598,2917.1479487136075,2880.459270215961,2804.7201934952323,45.513160779399556,0.0860003838294894
0.035,5.0,10.0,0.5,0.003219486274546922,0.002670572117340065,0.002670572117340065,0.0,2854.2794646143107,2880.459270215961,2804.7201934952323,45.513160779399556,0.0860003838294894
0.035,5.0,10.0,0.65,0.003219486274546922,0.002670572117340065,0.002670572117340065,0.0,2854.2794646143107,2880.459270215961,2804.7201934952323,45.513160779399556,0.0860003838294894
0.035,5.0,10.0,0.8,0.003219486274546922,0.002670572117340065,0.002670572117340065,0.0,2854.2794646143107,2880.459270215961,2804.7201934952323,45.513160779399556,0.0860003838294894
0.035,5.0,10.0,0.85,0.003219486274546922,0.002670572117340065,0.002670572117340065,0.0,2854.2794646143107,2880.459270215961,2804.7201934952323,45.513160779399556,0.0860003838294894
0.035,5.0,10.0,0.95,0.003219486274546922,0.002670572117340065,0.003252757229545643,28.334789451245598,2855.4138940066164,2880.459270215961,2804.7201934952323,45.513160779399556,0.0860003838294894
0.035,5.0,10.0,0.98,0.003219486274546922,0.002670572117340065,0.003252757229545643,28.334789451245598,2858.6139515810396,2880.459270215961,2804.7201934952323,45.513160779399556,0.0860003838294894
0.035,5.0,20.0,0.5,0.003219486274546922,0.002670572117340065,0.002670572117340065,0.0,2854.2794646143107,2880.459270215961,2804.7201934952323,45.513160779399556,0.0860003838294894
0.035,5.0,20.0,0.65,0.003219486274546922,0.002670572117340065,0.002670572117340065,0.0,2854.2794646143107,2880.459270215961,2804.7201934952323,45.513160779399556,0.0860003838294894
0.035,5.0,20.0,0.8,0.003219486274546922,0.002670572117340065,0.002670572117340065,0.0,2854.2794646143107,2880.459270215961,2804.7201934952323,45.513160779399556,0.0860003838294894
0.035,5.0,20.0,0.85,0.003219486274546922,0.002670572117340065,0.002670572117340065,0.0,2854.2794646143107,2880.459270215961,2804.7201934952323,45.513160779399556,0.0860003838294894
0.035,5.0,20.0,0.95,0.003219486274546922,0.002670572117340065,0.002670572117340065,0.0,2854.2794646143107,2880.459270215961,2804.7201934952323,45.513160779399556,0.0860003838294894
0.035,5.0,20.0,0.98,0.003219486274546922,0.002670572117340065,0.002670572117340065,0.0,2854.2794646143107,2880.459270215961,2804.7201934952323,45.513160779399556,0.0860003838294894
0.035,10.0,1.0,0.5,0.006441254622864249,0.004204612080190862,0.0058080966179089605,33.26949997365354,2671.4910025287554,2596.729147334074,2171.9659911267786,-129.91949407886574,0.0588049355956695
0.035,10.0,1.0,0.65,0.006441254622864249,0.004204612080190862,0.0058080966179089605,33.26949997365354,2695.578200686374,2596.729147334074,2171.9659911267786,-129.91949407886574,0.0588049355956695
0.035,10.0,1.0,0.8,0.006441254622864249,0.0058080966179089605,0.008756752215787348,33.747052604854304,2747.5761756471416,2596.729147334074,2171.9659911267786,-129.91949407886574,0.0588049355956695
0.035,10.0,1.0,0.85,0.006441254622864249,0.0058080966179089605,0.008756752215787348,33.747052604854304,2757.3872022781347,2596.729147334074,2171.9659911267786,-129.91949407886574,0.0588049355956695
0.035,10.0,1.0,0.95,0.006441254622864249,0.0064572853089166935,0.010154211261669557,34.224605236055076,2766.755413632714,2596.729147334074,2171.9659911267786,-129.91949407886574,0.0588049355956695
0.035,10.0,1.0,0.98,0.006441254622864249,0.0064572853089166935,0.010154211261669557,34.224605236055076,2772.256460809874,2596.729147334074,2171.9659911267786,-129.91949407886574,0.0588049355956695
0.035,10.0,2.5,0.5,0.006441254622864249,0.004204612080190862,0.0058080966179089605,33.26949997365354,2651.57702549079,2596.729147334074,2171.9659911267786,-129.91949407886574,0.0588049355956695
0.035,10.0,2.5,0.65,0.006441254622864249,0.004204612080190862,0.0058080966179089605,33.26949997365354,2675.6642236484086,2596.729147334074,2171.9659911267786,-129.91949407886574,0.0588049355956695
0.035,10.0,2.5,0.8,0.006441254622864249,0.0058080966179089605,0.008756752215787348,33.747052604854304,2728.1194072656604,2596.729147334074,2171.9659911267786,-129.91949407886574,0.0588049355956695
0.035,10.0,2.5,0.85,0.006441254622864249,0.0058080966179089605,0.008756752215787348,33.747052604854304,2737.9304338966535,2596.729147334074,2171.9659911267786,-129.91949407886574,0.0588049355956695
0.035,10.0,2.5,0.95,0.006441254622864249,0.0064572853089166935,0.010154211261669557,34.224605236055076,2747.383313520952,2596.729147334074,2171.9659911267786,-129.91949407886574,0.0588049355956695
0.035,10.0,2.5,0.98,0.006441254622864249,0.0064572853089166935,0.010154211261669557,34.224605236055076,2752.8843606981122,2596.729147334074,2171.9659911267786,-129.91949407886574,0.0588049355956695
0.035,10.0,5.0,0.5,0.006441254622864249,0.004204612080190862,0.0058080966179089605,33.26949997365354,2618.387063760848,2596.729147334074,2171.9659911267786,-129.91949407886574,0.0588049355956695
0.035,10.0,5.0,0.65,0.006441254622864249,0.004204612080190862,0.0058080966179089605,33.26949997365354,2642.4742619184663,2596.729147334074,2171.9659911267786,-129.91949407886574,0.0588049355956695
0.035,10.0,5.0,0.8,0.006441254622864249,0.0058080966179089605,0.008756752215787348,33.747052604854304,2695.6914599631914,2596.729147334074,2171.9659911267786,-129.91949407886574,0.0588049355956695
0.035,10.0,5.0,0.85,0.006441254622864249,0.0058080966179089605,0.008756752215787348,33.747052604854304,2705.5024865941846,2596.729147334074,2171.9659911267786,-129.91949407886574,0.0588049355956695
0.035,10.0,5.0,0.95,0.006441254622864249,0.0064572853089166935,0.010154211261669557,34.224605236055076,2715.096480001349,2596.729147334074,2171.9659911267786,-129.91949407886574,0.0588049355956695
0.035,10.0,5.0,0.98,0.006441254622864249,0.0064572853089166935,0.010154211261669557,34.224605236055076,2720.5975271785087,2596.729147334074,2171.9659911267786,-129.91949407886574,0.0588049355956695
0.035,10.0,10.0,0.5,0.006441254622864249,0.0064572853089166935,0.0064572853089166935,0.0,2597.9011603504086,2596.729147334074,2171.9659911267786,-129.91949407886574,0.0588049355956695
0.035,10.0,10.0,0.65,0.006441254622864249,0.0064572853089166935,0.0064572853089166935,0.0,2597.9011603504086,2596.729147334074,2171.9659911267786,-129.91949407886574,0.0588049355956695
0.035,10.0,10.0,0.8,0.006441254622864249,0.0058080966179089605,0.007298659731705749,19.165778932190843,2619.703424944396,2596.729147334074,2171.9659911267786,-129.91949407886574,0.0588049355956695
0.035,10.0,10.0,0.85,0.006441254622864249,0.0058080966179089605,0.008128161351207695,27.952747346284983,2633.871268048447,2596.729147334074,2171.9659911267786,-129.91949407886574,0.0588049355956695
0.035,10.0,10.0,0.95,0.006441254622864249,0.0064572853089166935,0.010154211261669557,34.224605236055076,2650.522812962142,2596.729147334074,2171.9659911267786,-129.91949407886574,0.0588049355956695
0.035,10.0,10.0,0.98,0.006441254622864249,0.0064572853089166935,0.010154211261669557,34.224605236055076,2656.023860139301,2596.729147334074,2171.9659911267786,-129.91949407886574,0.0588049355956695
0.035,10.0,20.0,0.5,0.006441254622864249,0.0064572853089166935,0.0064572853089166935,0.0,2597.9011603504086,2596.729147334074,2171.9659911267786,-129.91949407886574,0.0588049355956695
0.035,10.0,20.0,0.65,0.006441254622864249,0.0064572853089166935,0.0064572853089166935,0.0,2597.9011603504086,2596.729147334074,2171.9659911267786,-129.91949407886574,0.0588049355956695
0.035,10.0,20.0,0.8,0.006441254622864249,0.0064572853089166935,0.0064572853089166935,0.0,2597.9011603504086,2596.729147334074,2171.9659911267786,-129.91949407886574,0.0588049355956695
0.035,10.0,20.0,0.85,0.006441254622864249,0.0064572853089166935,0.0064572853089166935,0.0,2597.9011603504086,2596.729147334074,2171.9659911267786,-129.91949407886574,0.0588049355956695
0.035,10.0,20.0,0.95,0.006441254622864249,0.0064572853089166935,0.0064572853089166935,0.0,2597.9011603504086,2596.729147334074,2171.9659911267786,-129.91949407886574,0.0588049355956695
0.035,10.0,20.0,0.98,0.006441254622864249,0.0064572853089166935,0.0064572853089166935,0.0,2597.9011603504086,2596.729147334074,2171.9659911267786,-129.91949407886574,0.0588049355956695
0.035,25.0,1.0,0.5,0.008506957386034665,0.008128161351207695,0.014151409313855156,34.12909470981492,2293.651450988354,2059.9011097752273,273.7033840214173,-656.2174586536618,0.051218658628825596
0.035,25.0,1.0,0.65,0.008506957386034665,0.008128161351207695,0.014151409313855156,34.12909470981492,2326.0451127216825,2059.9011097752273,273.7033840214173,-656.2174586536618,0.051218658628825596
0.035,25.0,1.0,0.8,0.008506957386034665,0.008128161351207695,0.014151409313855156,34.12909470981492,2358.4387744550118,2059.9011097752273,273.7033840214173,-656.2174586536618,0.051218658628825596
0.035,25.0,1.0,0.85,0.008506957386034665,0.008128161351207695,0.014151409313855156,34.12909470981492,2369.236661699454,2059.9011097752273,273.7033840214173,-656.2174586536618,0.051218658628825596
0.035,25.0,1.0,0.95,0.008506957386034665,0.008128161351207695,0.014151409313855156,34.12909470981492,2390.83243618834,2059.9011097752273,273.7033840214173,-656.2174586536618,0.051218658628825596
0.035,25.0,1.0,0.98,0.008506957386034665,0.008128161351207695,0.014151409313855156,34.12909470981492,2397.3111685350063,2059.9011097752273,273.7033840214173,-656.2174586536618,0.051218658628825596
0.035,25.0,2.5,0.5,0.008506957386034665,0.008128161351207695,0.014151409313855156,34.12909470981492,2274.465621069974,2059.9011097752273,273.7033840214173,-656.2174586536618,0.051218658628825596
0.035,25.0,2.5,0.65,0.008506957386034665,0.008128161351207695,0.014151409313855156,34.12909470981492,2306.859282803303,2059.9011097752273,273.7033840214173,-656.2174586536618,0.051218658628825596
0.035,25.0,2.5,0.8,0.008506957386034665,0.008128161351207695,0.014151409313855156,34.12909470981492,2339.2529445366317,2059.9011097752273,273.7033840214173,-656.2174586536618,0.051218658628825596
0.035,25.0,2.5,0.85,0.008506957386034665,0.008128161351207695,0.014151409313855156,34.12909470981492,2350.0508317810745,2059.9011097752273,273.7033840214173,-656.2174586536618,0.051218658628825596
0.035,25.0,2.5,0.95,0.008506957386034665,0.008128161351207695,0.014151409313855156,34.12909470981492,2371.6466062699606,2059.9011097752273,273.7033840214173,-656.2174586536618,0.051218658628825596
0.035,25.0,2.5,0.98,0.008506957386034665,0.008128161351207695,0.014151409313855156,34.12909470981492,2378.1253386166263,2059.9011097752273,273.7033840214173,-656.2174586536618,0.051218658628825596
0.035,25.0,5.0,0.5,0.008506957386034665,0.008128161351207695,0.014151409313855156,34.12909470981492,2242.489237872675,2059.9011097752273,273.7033840214173,-656.2174586536618,0.051218658628825596
0.035,25.0,5.0,0.65,0.008506957386034665,0.008128161351207695,0.014151409313855156,34.12909470981492,2274.8828996060033,2059.9011097752273,273.7033840214173,-656.2174586536618,0.051218658628825596
0.035,25.0,5.0,0.8,0.008506957386034665,0.008128161351207695,0.014151409313855156,34.12909470981492,2307.276561339332,2059.9011097752273,273.7033840214173,-656.2174586536618,0.051218658628825596
0.035,25.0,5.0,0.85,0.008506957386034665,0.008128161351207695,0.014151409313855156,34.12909470981492,2318.074448583775,2059.9011097752273,273.7033840214173,-656.2174586536618,0.051218658628825596
0.035,25.0,5.0,0.95,0.008506957386034665,0.008128161351207695,0.014151409313855156,34.12909470981492,2339.67022307266,2059.9011097752273,273.7033840214173,-656.2174586536618,0.051218658628825596
0.035,25.0,5.0,0.98,0.008506957386034665,0.008128161351207695,0.014151409313855156,34.12909470981492,2346.1489554193267,2059.9011097752273,273.7033840214173,-656.2174586536618,0.051218658628825596
0.035,25.0,10.0,0.5,0.008506957386034665,0.008128161351207695,0.013081926009533843,30.46785787060903,2159.407844628073,2059.9011097752273,273.7033840214173,-656.2174586536618,0.051218658628825596
0.035,25.0,10.0,0.65,0.008506957386034665,0.008128161351207695,0.014151409313855156,34.12909470981492,2210.930133211404,2059.9011097752273,273.7033840214173,-656.2174586536618,0.051218658628825596
0.035,25.0,10.0,0.8,0.008506957386034665,0.008128161351207695,0.014151409313855156,34.12909470981492,2243.323794944733,2059.9011097752273,273.7033840214173,-656.2174586536618,0.051218658628825596
0.035,25.0,10.0,0.85,0.008506957386034665,0.008128161351207695,0.014151409313855156,34.12909470981492,2254.1216821891753,2059.9011097752273,273.7033840214173,-656.2174586536618,0.051218658628825596
0.035,25.0,10.0,0.95,0.008506957386034665,0.008128161351207695,0.014151409313855156,34.12909470981492,2275.7174566780614,2059.9011097752273,273.7033840214173,-656.2174586536618,0.051218658628825596
0.035,25.0,10.0,0.98,0.008506957386034665,0.008128161351207695,0.014151409313855156,34.12909470981492,2282.1961890247267,2059.9011097752273,273.7033840214173,-656.2174586536618,0.051218658628825596
0.035,25.0,20.0,0.5,0.008506957386034665,0.013081926009533843,0.013081926009533843,0.0,2175.678591176431,2059.9011097752273,273.7033840214173,-656.2174586536618,0.051218658628825596
0.035,25.0,20.0,0.65,0.008506957386034665,0.013081926009533843,0.013081926009533843,0.0,2175.678591176431,2059.9011097752273,273.7033840214173,-656.2174586536618,0.051218658628825596
0.035,25.0,20.0,0.8,0.008506957386034665,0.0073380441657798345,0.011478311826033219,31.868678922131284,2055.566875176386,2059.9011097752273,273.7033840214173,-656.2174586536618,0.051218658628825596
0.035,25.0,20.0,0.85,0.008506957386034665,0.0073380441657798345,0.011478311826033219,31.868678922131284,2064.1509733464227,2059.9011097752273,273.7033840214173,-656.2174586536618,0.051218658628825596
0.035,25.0,20.0,0.95,0.008506957386034665,0.007298659731705749,0.011478311826033219,32.28255786917195,2089.9756535825904,2059.9011097752273,273.7033840214173,-656.2174586536618,0.051218658628825596
0.035,25.0,20.0,0.98,0.008506957386034665,0.007298659731705749,0.011478311826033219,32.28255786917195,2095.513554486848,2059.9011097752273,273.7033840214173,-656.2174586536618,0.051218658628825596
0.035,50.0,1.0,0.5,0.019,0.013081926009533843,0.03212857077224325,34.32011576229523,1945.4691545026526,1627.2113829150667,-2890.0676278208516,-1533.3807329449883,0.03557196238471004
0.035,50.0,1.0,0.65,0.019,0.013081926009533843,0.03212857077224325,34.32011576229523,2013.3967377315614,1627.2113829150667,-2890.0676278208516,-1533.3807329449883,0.03557196238471004
0.035,50.0,1.0,0.8,0.019,0.013081926009533843,0.03212857077224325,34.32011576229523,2081.3243209604702,1627.2113829150667,-2890.0676278208516,-1533.3807329449883,0.03557196238471004
0.035,50.0,1.0,0.85,0.019,0.01718686504639152,0.05468869142959353,33.396847341973746,2170.0654789966184,1627.2113829150667,-2890.0676278208516,-1533.3807329449883,0.03557196238471004
0.035,50.0,1.0,0.95,0.019,0.01718686504639152,0.05468869142959353,33.396847341973746,2228.8188832255164,1627.2113829150667,-2890.0676278208516,-1533.3807329449883,0.03557196238471004
0.035,50.0,1.0,0.98,0.019,0.01718686504639152,0.05468869142959353,33.396847341973746,2246.444904494186,1627.2113829150667,-2890.0676278208516,-1533.3807329449883,0.03557196238471004
0.035,50.0,2.5,0.5,0.019,0.013081926009533843,0.03212857077224325,34.32011576229523,1923.6924755308642,1627.2113829150667,-2890.0676278208516,-1533.3807329449883,0.03557196238471004
0.035,50.0,2.5,0.65,0.019,0.013081926009533843,0.03212857077224325,34.32011576229523,1991.620058759773,1627.2113829150667,-2890.0676278208516,-1533.3807329449883,0.03557196238471004
0.035,50.0,2.5,0.8,0.019,0.013081926009533843,0.03212857077224325,34.32011576229523,2059.547641988682,1627.2113829150667,-2890.0676278208516,-1533.3807329449883,0.03557196238471004
0.035,50.0,2.5,0.85,0.019,0.01718686504639152,0.05468869142959353,33.396847341973746,2147.459050981581,1627.2113829150667,-2890.0676278208516,-1533.3807329449883,0.03557196238471004
0.035,50.0,2.5,0.95,0.019,0.01718686504639152,0.05468869142959353,33.396847341973746,2206.212455210479,1627.2113829150667,-2890.0676278208516,-1533.3807329449883,0.03557196238471004
0.035,50.0,2.5,0.98,0.019,0.01718686504639152,0.05468869142959353,33.396847341973746,2223.838476479149,1627.2113829150667,-2890.0676278208516,-1533.3807329449883,0.03557196238471004
0.035,50.0,5.0,0.5,0.019,0.013081926009533843,0.03212857077224325,34.32011576229523,1887.398010577883,1627.2113829150667,-2890.0676278208516,-1533.3807329449883,0.03557196238471004
0.035,50.0,5.0,0.65,0.019,0.013081926009533843,0.03212857077224325,34.32011576229523,1955.325593806792,1627.2113829150667,-2890.0676278208516,-1533.3807329449883,0.03557196238471004
0.035,50.0,5.0,0.8,0.019,0.013081926009533843,0.03212857077224325,34.32011576229523,2023.2531770357007,1627.2113829150667,-2890.0676278208516,-1533.3807329449883,0.03557196238471004
0.035,50.0,5.0,0.85,0.019,0.01718686504639152,0.05468869142959353,33.396847341973746,2109.7816709565195,1627.2113829150667,-2890.0676278208516,-1533.3807329449883,0.03557196238471004
0.035,50.0,5.0,0.95,0.019,0.01718686504639152,0.05468869142959353,33.396847341973746,2168.5350751854176,1627.2113829150667,-2890.0676278208516,-1533.3807329449883,0.03557196238471004
0.035,50.0,5.0,0.98,0.019,0.01718686504639152,0.05468869142959353,33.396847341973746,2186.1610964540873,1627.2113829150667,-2890.0676278208516,-1533.3807329449883,0.03557196238471004
0.035,50.0,10.0,0.5,0.019,0.013081926009533843,0.03212857077224325,34.32011576229523,1814.8090806719215,1627.2113829150667,-2890.0676278208516,-1533.3807329449883,0.03557196238471004
0.035,50.0,10.0,0.65,0.019,0.013081926009533843,0.03212857077224325,34.32011576229523,1882.7366639008303,1627.2113829150667,-2890.0676278208516,-1533.3807329449883,0.03557196238471004
0.035,50.0,10.0,0.8,0.019,0.013081926009533843,0.03212857077224325,34.32011576229523,1950.6642471297391,1627.2113829150667,-2890.0676278208516,-1533.3807329449883,0.03557196238471004
0.035,50.0,10.0,0.85,0.019,0.01718686504639152,0.05468869142959353,33.396847341973746,2034.426910906396,1627.2113829150667,-2890.0676278208516,-1533.3807329449883,0.03557196238471004
0.035,50.0,10.0,0.95,0.019,0.01718686504639152,0.05468869142959353,33.396847341973746,2093.1803151352938,1627.2113829150667,-2890.0676278208516,-1533.3807329449883,0.03557196238471004
0.035,50.0,10.0,0.98,0.019,0.01718686504639152,0.05468869142959353,33.396847341973746,2110.8063364039635,1627.2113829150667,-2890.0676278208516,-1533.3807329449883,0.03557196238471004
0.035,50.0,20.0,0.5,0.019,0.01718686504639152,0.023360297679015454,11.397589464658342,1651.608728564811,1627.2113829150667,-2890.0676278208516,-1533.3807329449883,0.03557196238471004
0.035,50.0,20.0,0.65,0.019,0.015047399224871272,0.03212857077224325,27.729889451724624,1762.2907629739952,1627.2113829150667,-2890.0676278208516,-1533.3807329449883,0.03557196238471004
0.035,50.0,20.0,0.8,0.019,0.01718686504639152,0.05468869142959353,33.396847341973746,1854.3406886917005,1627.2113829150667,-2890.0676278208516,-1533.3807329449883,0.03557196238471004
0.035,50.0,20.0,0.85,0.019,0.01718686504639152,0.05468869142959353,33.396847341973746,1883.7173908061486,1627.2113829150667,-2890.0676278208516,-1533.3807329449883,0.03557196238471004
0.035,50.0,20.0,0.95,0.019,0.01718686504639152,0.05468869142959353,33.396847341973746,1942.4707950350466,1627.2113829150667,-2890.0676278208516,-1533.3807329449883,0.03557196238471004
0.035,50.0,20.0,0.98,0.019,0.01718686504639152,0.05468869142959353,33.396847341973746,1960.0968163037162,1627.2113829150667,-2890.0676278208516,-1533.3807329449883,0.03557196238471004
0.05,0.0,1.0,0.5,0.0020870935334819413,0.002071665907802535,0.0025153159394622733,32.982968394933074,3062.9794589133176,3023.99739842631,3088.1307368397484,-162.08418453167164,0.11005746153238279
0.05,0.0,1.0,0.65,0.0020870935334819413,0.002071665907802535,0.0025153159394622733,32.982968394933074,3079.9457338481234,3023.99739842631,3088.1307368397484,-162.08418453167164,0.11005746153238279
0.05,0.0,1.0,0.8,0.0020870935334819413,0.002071665907802535,0.0025153159394622733,32.982968394933074,3096.9120087829288,3023.99739842631,3088.1307368397484,-162.08418453167164,0.11005746153238279
0.05,0.0,1.0,0.85,0.0020870935334819413,0.002071665907802535,0.0025153159394622733,32.982968394933074,3102.567433761197,3023.99739842631,3088.1307368397484,-162.08418453167164,0.11005746153238279
0.05,0.0,1.0,0.95,0.0020870935334819413,0.002059595134810629,0.0025153159394622733,34.19276839397502,3125.4575445072946,3023.99739842631,3088.1307368397484,-162.08418453167164,0.11005746153238279
0.05,0.0,1.0,0.98,0.0020870935334819413,0.002059595134810629,0.0025153159394622733,34.19276839397502,3129.231789774338,3023.99739842631,3088.1307368397484,-162.08418453167164,0.11005746153238279
0.05,0.0,2.5,0.5,0.0020870935334819413,0.002071665907802535,0.0025153159394622733,32.982968394933074,3043.0316145674647,3023.99739842631,3088.1307368397484,-162.08418453167164,0.11005746153238279
0.05,0.0,2.5,0.65,0.0020870935334819413,0.002071665907802535,0.0025153159394622733,32.982968394933074,3059.9978895022705,3023.99739842631,3088.1307368397484,-162.08418453167164,0.11005746153238279
0.05,0.0,2.5,0.8,0.0020870935334819413,0.002071665907802535,0.0025153159394622733,32.982968394933074,3076.964164437076,3023.99739842631,3088.1307368397484,-162.08418453167164,0.11005746153238279
0.05,0.0,2.5,0.85,0.0020870935334819413,0.002071665907802535,0.0025153159394622733,32.982968394933074,3082.6195894153443,3023.99739842631,3088.1307368397484,-162.08418453167164,0.11005746153238279
0.05,0.0,2.5,0.95,0.0020870935334819413,0.002071665907802535,0.0025153159394622733,32.982968394933074,3093.9304393718817,3023.99739842631,3088.1307368397484,-162.08418453167164,0.11005746153238279
0.05,0.0,2.5,0.98,0.0020870935334819413,0.002071665907802535,0.0025153159394622733,32.982968394933074,3097.323694358842,3023.99739842631,3088.1307368397484,-162.08418453167164,0.11005746153238279
0.05,0.0,5.0,0.5,0.0020870935334819413,0.002071665907802535,0.002071665907802535,0.0,3021.4089415337485,3023.99739842631,3088.1307368397484,-162.08418453167164,0.11005746153238279
0.05,0.0,5.0,0.65,0.0020870935334819413,0.002071665907802535,0.0025153159394622733,32.982968394933074,3026.7514822591825,3023.99739842631,3088.1307368397484,-162.08418453167164,0.11005746153238279
0.05,0.0,5.0,0.8,0.0020870935334819413,0.002071665907802535,0.0025153159394622733,32.982968394933074,3043.7177571939874,3023.99739842631,3088.1307368397484,-162.08418453167164,0.11005746153238279
0.05,0.0,5.0,0.85,0.0020870935334819413,0.002071665907802535,0.0025153159394622733,32.982968394933074,3049.373182172256,3023.99739842631,3088.1307368397484,-162.08418453167164,0.11005746153238279
0.05,0.0,5.0,0.95,0.0020870935334819413,0.002071665907802535,0.0025153159394622733,32.982968394933074,3060.6840321287937,3023.99739842631,3088.1307368397484,-162.08418453167164,0.11005746153238279
0.05,0.0,5.0,0.98,0.0020870935334819413,0.002071665907802535,0.0025153159394622733,32.982968394933074,3064.077287115754,3023.99739842631,3088.1307368397484,-162.08418453167164,0.11005746153238279
0.05,0.0,10.0,0.5,0.0020870935334819413,0.002071665907802535,0.002071665907802535,0.0,3021.4089415337485,3023.99739842631,3088.1307368397484,-162.08418453167164,0.11005746153238279
0.05,0.0,10.0,0.65,0.0020870935334819413,0.002071665907802535,0.002071665907802535,0.0,3021.4089415337485,3023.99739842631,3088.1307368397484,-162.08418453167164,0.11005746153238279
0.05,0.0,10.0,0.8,0.0020870935334819413,0.002071665907802535,0.002071665907802535,0.0,3021.4089415337485,3023.99739842631,3088.1307368397484,-162.08418453167164,0.11005746153238279
0.05,0.0,10.0,0.85,0.0020870935334819413,0.002071665907802535,0.002071665907802535,0.0,3021.4089415337485,3023.99739842631,3088.1307368397484,-162.08418453167164,0.11005746153238279
0.05,0.0,10.0,0.95,0.0020870935334819413,0.002071665907802535,0.002071665907802535,0.0,3021.4089415337485,3023.99739842631,3088.1307368397484,-162.08418453167164,0.11005746153238279
0.05,0.0,10.0,0.98,0.0020870935334819413,0.002071665907802535,0.002071665907802535,0.0,3021.4089415337485,3023.99739842631,3088.1307368397484,-162.08418453167164,0.11005746153238279
0.05,0.0,20.0,0.5,0.0020870935334819413,0.002071665907802535,0.002071665907802535,0.0,3021.4089415337485,3023.99739842631,3088.1307368397484,-162.08418453167164,0.11005746153238279
0.05,0.0,20.0,0.65,0.0020870935334819413,0.002071665907802535,0.002071665907802535,0.0,3021.4089415337485,3023.99739842631,3088.1307368397484,-162.08418453167164,0.11005746153238279
0.05,0.0,20.0,0.8,0.0020870935334819413,0.002071665907802535,0.002071665907802535,0.0,3021.4089415337485,3023.99739842631,3088.1307368397484,-162.08418453167164,0.11005746153238279
0.05,0.0,20.0,0.85,0.0020870935334819413,0.002071665907802535,0.002071665907802535,0.0,3021.4089415337485,3023.99739842631,3088.1307368397484,-162.08418453167164,0.11005746153238279
0.05,0.0,20.0,0.95,0.0020870935334819413,0.002071665907802535,0.002071665907802535,0.0,3021.4089415337485,3023.99739842631,3088.1307368397484,-162.08418453167164,0.11005746153238279
0.05,0.0,20.0,0.98,0.0020870935334819413,0.002071665907802535,0.002071665907802535,0.0,3021.4089415337485,3023.99739842631,3088.1307368397484,-162.08418453167164,0.11005746153238279
0.05,5.0,1.0,0.5,0.004462147456466892,0.004204612080190862,0.0058080966179089605,33.26949997365354,2769.869383389211,2687.9043903320107,2455.376534471295,-337.51683938993693,0.07152775425881397
0.05,5.0,1.0,0.65,0.004462147456466892,0.004204612080190862,0.0058080966179089605,33.26949997365354,2793.95658154683,2687.9043903320107,2455.376534471295,-337.51683938993693,0.07152775425881397
0.05,5.0,1.0,0.8,0.004462147456466892,0.004204612080190862,0.0058080966179089605,33.26949997365354,2818.0437797044488,2687.9043903320107,2455.376534471295,-337.51683938993693,0.07152775425881397
0.05,5.0,1.0,0.85,0.004462147456466892,0.004204612080190862,0.0058080966179089605,33.26949997365354,2826.0728457569885,2687.9043903320107,2455.376534471295,-337.51683938993693,0.07152775425881397
0.05,5.0,1.0,0.95,0.004462147456466892,0.004204612080190862,0.0058080966179089605,33.26949997365354,2842.1309778620675,2687.9043903320107,2455.376534471295,-337.51683938993693,0.07152775425881397
0.05,5.0,1.0,0.98,0.004462147456466892,0.0058080966179089605,0.008756752215787348,33.747052604854304,2854.387851006418,2687.9043903320107,2455.376534471295,-337.51683938993693,0.07152775425881397
0.05,5.0,2.5,0.5,0.004462147456466892,0.004204612080190862,0.0058080966179089605,33.26949997365354,2749.955406351246,2687.9043903320107,2455.376534471295,-337.51683938993693,0.07152775425881397
0.05,5.0,2.5,0.65,0.004462147456466892,0.004204612080190862,0.0058080966179089605,33.26949997365354,2774.0426045088643,2687.9043903320107,2455.376534471295,-337.51683938993693,0.07152775425881397
0.05,5.0,2.5,0.8,0.004462147456466892,0.004204612080190862,0.0058080966179089605,33.26949997365354,2798.1298026664836,2687.9043903320107,2455.376534471295,-337.51683938993693,0.07152775425881397
0.05,5.0,2.5,0.85,0.004462147456466892,0.004204612080190862,0.0058080966179089605,33.26949997365354,2806.158868719023,2687.9043903320107,2455.376534471295,-337.51683938993693,0.07152775425881397
0.05,5.0,2.5,0.95,0.004462147456466892,0.004204612080190862,0.0058080966179089605,33.26949997365354,2822.217000824102,2687.9043903320107,2455.376534471295,-337.51683938993693,0.07152775425881397
0.05,5.0,2.5,0.98,0.004462147456466892,0.0058080966179089605,0.008756752215787348,33.747052604854304,2834.931082624936,2687.9043903320107,2455.376534471295,-337.51683938993693,0.07152775425881397
0.05,5.0,5.0,0.5,0.004462147456466892,0.004204612080190862,0.0058080966179089605,33.26949997365354,2716.7654446213037,2687.9043903320107,2455.376534471295,-337.51683938993693,0.07152775425881397
0.05,5.0,5.0,0.65,0.004462147456466892,0.004204612080190862,0.0058080966179089605,33.26949997365354,2740.8526427789225,2687.9043903320107,2455.376534471295,-337.51683938993693,0.07152775425881397
0.05,5.0,5.0,0.8,0.004462147456466892,0.004204612080190862,0.0058080966179089605,33.26949997365354,2764.9398409365413,2687.9043903320107,2455.376534471295,-337.51683938993693,0.07152775425881397
0.05,5.0,5.0,0.85,0.004462147456466892,0.004204612080190862,0.0058080966179089605,33.26949997365354,2772.968906989081,2687.9043903320107,2455.376534471295,-337.51683938993693,0.07152775425881397
0.05,5.0,5.0,0.95,0.004462147456466892,0.004204612080190862,0.0058080966179089605,33.26949997365354,2789.02703909416,2687.9043903320107,2455.376534471295,-337.51683938993693,0.07152775425881397
0.05,5.0,5.0,0.98,0.004462147456466892,0.0058080966179089605,0.008756752215787348,33.747052604854304,2802.503135322467,2687.9043903320107,2455.376534471295,-337.51683938993693,0.07152775425881397
0.05,5.0,10.0,0.5,0.004462147456466892,0.004072671288525084,0.004072671288525084,0.0,2706.278350323433,2687.9043903320107,2455.376534471295,-337.51683938993693,0.07152775425881397
0.05,5.0,10.0,0.65,0.004462147456466892,0.004072671288525084,0.004072671288525084,0.0,2706.278350323433,2687.9043903320107,2455.376534471295,-337.51683938993693,0.07152775425881397
0.05,5.0,10.0,0.8,0.004462147456466892,0.004072671288525084,0.004072671288525084,0.0,2706.278350323433,2687.9043903320107,2455.376534471295,-337.51683938993693,0.07152775425881397
0.05,5.0,10.0,0.85,0.004462147456466892,0.004072671288525084,0.005335471533751114,28.334789451245598,2713.0918069337645,2687.9043903320107,2455.376534471295,-337.51683938993693,0.07152775425881397
0.05,5.0,10.0,0.95,0.004462147456466892,0.004072671288525084,0.005335471533751114,28.334789451245598,2730.24309558483,2687.9043903320107,2455.376534471295,-337.51683938993693,0.07152775425881397
0.05,5.0,10.0,0.98,0.004462147456466892,0.004072671288525084,0.005335471533751114,28.334789451245598,2735.3884821801494,2687.9043903320107,2455.376534471295,-337.51683938993693,0.07152775425881397
0.05,5.0,20.0,0.5,0.004462147456466892,0.004072671288525084,0.004072671288525084,0.0,2706.278350323433,2687.9043903320107,2455.376534471295,-337.51683938993693,0.07152775425881397
0.05,5.0,20.0,0.65,0.004462147456466892,0.004072671288525084,0.004072671288525084,0.0,2706.278350323433,2687.9043903320107,2455.376534471295,-337.51683938993693,0.07152775425881397
0.05,5.0,20.0,0.8,0.004462147456466892,0.004072671288525084,0.004072671288525084,0.0,2706.278350323433,2687.9043903320107,2455.376534471295,-337.51683938993693,0.07152775425881397
0.05,5.0,20.0,0.85,0.004462147456466892,0.004072671288525084,0.004072671288525084,0.0,2706.278350323433,2687.9043903320107,2455.376534471295,-337.51683938993693,0.07152775425881397
0.05,5.0,20.0,0.95,0.004462147456466892,0.004072671288525084,0.004072671288525084,0.0,2706.278350323433,2687.9043903320107,2455.376534471295,-337.51683938993693,0.07152775425881397
0.05,5.0,20.0,0.98,0.004462147456466892,0.004072671288525084,0.004072671288525084,0.0,2706.278350323433,2687.9043903320107,2455.376534471295,-337.51683938993693,0.07152775425881397
0.05,10.0,1.0,0.5,0.007400600268116356,0.005231349924908166,0.0073380441657798345,30.053978923568366,2549.571700477524,2475.698159876266,1822.6223321028413,-512.9494942482022,0.05503437531750601
0.05,10.0,1.0,0.65,0.007400600268116356,0.0058080966179089605,0.008756752215787348,33.747052604854304,2613.58151973899,2475.698159876266,1822.6223321028413,-512.9494942482022,0.05503437531750601
0.05,10.0,1.0,0.8,0.007400600268116356,0.0064572853089166935,0.010154211261669557,34.224605236055076,2644.1892668856694,2475.698159876266,1822.6223321028413,-512.9494942482022,0.05503437531750601
0.05,10.0,1.0,0.85,0.007400600268116356,0.0064572853089166935,0.010154211261669557,34.224605236055076,2653.3576788476025,2475.698159876266,1822.6223321028413,-512.9494942482022,0.05503437531750601
0.05,10.0,1.0,0.95,0.007400600268116356,0.0064572853089166935,0.010154211261669557,34.224605236055076,2671.6945027714687,2475.698159876266,1822.6223321028413,-512.9494942482022,0.05503437531750601
0.05,10.0,1.0,0.98,0.007400600268116356,0.0064572853089166935,0.010154211261669557,34.224605236055076,2677.1955499486285,2475.698159876266,1822.6223321028413,-512.9494942482022,0.05503437531750601
0.05,10.0,2.5,0.5,0.007400600268116356,0.005231349924908166,0.0073380441657798345,30.053978923568366,2531.5881599891572,2475.698159876266,1822.6223321028413,-512.9494942482022,0.05503437531750601
0.05,10.0,2.5,0.65,0.007400600268116356,0.0058080966179089605,0.008756752215787348,33.747052604854304,2594.1247513575086,2475.698159876266,1822.6223321028413,-512.9494942482022,0.05503437531750601
0.05,10.0,2.5,0.8,0.007400600268116356,0.0064572853089166935,0.010154211261669557,34.224605236055076,2624.8171667739075,2475.698159876266,1822.6223321028413,-512.9494942482022,0.05503437531750601
0.05,10.0,2.5,0.85,0.007400600268116356,0.0064572853089166935,0.010154211261669557,34.224605236055076,2633.98557873584,2475.698159876266,1822.6223321028413,-512.9494942482022,0.05503437531750601
0.05,10.0,2.5,0.95,0.007400600268116356,0.0064572853089166935,0.010154211261669557,34.224605236055076,2652.3224026597068,2475.698159876266,1822.6223321028413,-512.9494942482022,0.05503437531750601
0.05,10.0,2.5,0.98,0.007400600268116356,0.0064572853089166935,0.010154211261669557,34.224605236055076,2657.8234498368665,2475.698159876266,1822.6223321028413,-512.9494942482022,0.05503437531750601
0.05,10.0,5.0,0.5,0.007400600268116356,0.0058080966179089605,0.007298659731705749,19.165778932190843,2504.8390574728164,2475.698159876266,1822.6223321028413,-512.9494942482022,0.05503437531750601
0.05,10.0,5.0,0.65,0.007400600268116356,0.0058080966179089605,0.008756752215787348,33.747052604854304,2561.6968040550396,2475.698159876266,1822.6223321028413,-512.9494942482022,0.05503437531750601
0.05,10.0,5.0,0.8,0.007400600268116356,0.0064572853089166935,0.010154211261669557,34.224605236055076,2592.5303332543035,2475.698159876266,1822.6223321028413,-512.9494942482022,0.05503437531750601
0.05,10.0,5.0,0.85,0.007400600268116356,0.0064572853089166935,0.010154211261669557,34.224605236055076,2601.698745216237,2475.698159876266,1822.6223321028413,-512.9494942482022,0.05503437531750601
0.05,10.0,5.0,0.95,0.007400600268116356,0.0064572853089166935,0.010154211261669557,34.224605236055076,2620.0355691401032,2475.698159876266,1822.6223321028413,-512.9494942482022,0.05503437531750601
0.05,10.0,5.0,0.98,0.007400600268116356,0.0064572853089166935,0.010154211261669557,34.224605236055076,2625.536616317263,2475.698159876266,1822.6223321028413,-512.9494942482022,0.05503437531750601
0.05,10.0,10.0,0.5,0.007400600268116356,0.007298659731705749,0.007298659731705749,0.0,2482.7828377417227,2475.698159876266,1822.6223321028413,-512.9494942482022,0.05503437531750601
0.05,10.0,10.0,0.65,0.007400600268116356,0.0064572853089166935,0.007298659731705749,9.328194729455012,2478.9767653334184,2475.698159876266,1822.6223321028413,-512.9494942482022,0.05503437531750601
0.05,10.0,10.0,0.8,0.007400600268116356,0.0064572853089166935,0.010154211261669557,34.224605236055076,2527.9566662150964,2475.698159876266,1822.6223321028413,-512.9494942482022,0.05503437531750601
0.05,10.0,10.0,0.85,0.007400600268116356,0.0064572853089166935,0.010154211261669557,34.224605236055076,2537.12507817703,2475.698159876266,1822.6223321028413,-512.9494942482022,0.05503437531750601
0.05,10.0,10.0,0.95,0.007400600268116356,0.0064572853089166935,0.010154211261669557,34.224605236055076,2555.461902100896,2475.698159876266,1822.6223321028413,-512.9494942482022,0.05503437531750601
0.05,10.0,10.0,0.98,0.007400600268116356,0.0064572853089166935,0.010154211261669557,34.224605236055076,2560.962949278056,2475.698159876266,1822.6223321028413,-512.9494942482022,0.05503437531750601
0.05,10.0,20.0,0.5,0.007400600268116356,0.007298659731705749,0.007298659731705749,0.0,2482.7828377417227,2475.698159876266,1822.6223321028413,-512.9494942482022,0.05503437531750601
0.05,10.0,20.0,0.65,0.007400600268116356,0.007298659731705749,0.007298659731705749,0.0,2482.7828377417227,2475.698159876266,1822.6223321028413,-512.9494942482022,0.05503437531750601
0.05,10.0,20.0,0.8,0.007400600268116356,0.007298659731705749,0.007298659731705749,0.0,2482.7828377417227,2475.698159876266,1822.6223321028413,-512.9494942482022,0.05503437531750601
0.05,10.0,20.0,0.85,0.007400600268116356,0.007298659731705749,0.007298659731705749,0.0,2482.7828377417227,2475.698159876266,1822.6223321028413,-512.9494942482022,0.05503437531750601
0.05,10.0,20.0,0.95,0.007400600268116356,0.007298659731705749,0.007298659731705749,0.0,2482.7828377417227,2475.698159876266,1822.6223321028413,-512.9494942482022,0.05503437531750601
0.05,10.0,20.0,0.98,0.007400600268116356,0.007298659731705749,0.007298659731705749,0.0,2482.7828377417227,2475.698159876266,1822.6223321028413,-512.9494942482022,0.05503437531750601
0.05,25.0,1.0,0.5,0.013796000494357013,0.008128161351207695,0.014151409313855156,34.12909470981492,2218.412389790128,2115.1664798320107,-75.64027500252008,-1039.2474588229984,0.040674636773122906
0.05,25.0,1.0,0.65,0.013796000494357013,0.008128161351207695,0.014151409313855156,34.12909470981492,2250.806051523457,2115.1664798320107,-75.64027500252008,-1039.2474588229984,0.040674636773122906
0.05,25.0,1.0,0.8,0.013796000494357013,0.008128161351207695,0.014151409313855156,34.12909470981492,2283.199713256786,2115.1664798320107,-75.64027500252008,-1039.2474588229984,0.040674636773122906
0.05,25.0,1.0,0.85,0.013796000494357013,0.008128161351207695,0.014151409313855156,34.12909470981492,2293.9976005012286,2115.1664798320107,-75.64027500252008,-1039.2474588229984,0.040674636773122906
0.05,25.0,1.0,0.95,0.013796000494357013,0.013081926009533843,0.03212857077224325,34.32011576229523,2480.961803321247,2115.1664798320107,-75.64027500252008,-1039.2474588229984,0.040674636773122906
0.05,25.0,1.0,0.98,0.013796000494357013,0.013081926009533843,0.03212857077224325,34.32011576229523,2494.547319967029,2115.1664798320107,-75.64027500252008,-1039.2474588229984,0.040674636773122906
0.05,25.0,2.5,0.5,0.013796000494357013,0.008128161351207695,0.014151409313855156,34.12909470981492,2199.226559871748,2115.1664798320107,-75.64027500252008,-1039.2474588229984,0.040674636773122906
0.05,25.0,2.5,0.65,0.013796000494357013,0.008128161351207695,0.014151409313855156,34.12909470981492,2231.6202216050774,2115.1664798320107,-75.64027500252008,-1039.2474588229984,0.040674636773122906
0.05,25.0,2.5,0.8,0.013796000494357013,0.008128161351207695,0.014151409313855156,34.12909470981492,2264.0138833384062,2115.1664798320107,-75.64027500252008,-1039.2474588229984,0.040674636773122906
0.05,25.0,2.5,0.85,0.013796000494357013,0.008128161351207695,0.014151409313855156,34.12909470981492,2274.8117705828486,2115.1664798320107,-75.64027500252008,-1039.2474588229984,0.040674636773122906
0.05,25.0,2.5,0.95,0.013796000494357013,0.013081926009533843,0.03212857077224325,34.32011576229523,2459.185124349459,2115.1664798320107,-75.64027500252008,-1039.2474588229984,0.040674636773122906
0.05,25.0,2.5,0.98,0.013796000494357013,0.013081926009533843,0.03212857077224325,34.32011576229523,2472.7706409952407,2115.1664798320107,-75.64027500252008,-1039.2474588229984,0.040674636773122906
0.05,25.0,5.0,0.5,0.013796000494357013,0.008128161351207695,0.014151409313855156,34.12909470981492,2167.2501766744485,2115.1664798320107,-75.64027500252008,-1039.2474588229984,0.040674636773122906
0.05,25.0,5.0,0.65,0.013796000494357013,0.008128161351207695,0.014151409313855156,34.12909470981492,2199.6438384077774,2115.1664798320107,-75.64027500252008,-1039.2474588229984,0.040674636773122906
0.05,25.0,5.0,0.8,0.013796000494357013,0.008128161351207695,0.014151409313855156,34.12909470981492,2232.037500141106,2115.1664798320107,-75.64027500252008,-1039.2474588229984,0.040674636773122906
0.05,25.0,5.0,0.85,0.013796000494357013,0.008128161351207695,0.014151409313855156,34.12909470981492,2242.835387385549,2115.1664798320107,-75.64027500252008,-1039.2474588229984,0.040674636773122906
0.05,25.0,5.0,0.95,0.013796000494357013,0.013081926009533843,0.03212857077224325,34.32011576229523,2422.8906593964775,2115.1664798320107,-75.64027500252008,-1039.2474588229984,0.040674636773122906
0.05,25.0,5.0,0.98,0.013796000494357013,0.013081926009533843,0.03212857077224325,34.32011576229523,2436.47617604226,2115.1664798320107,-75.64027500252008,-1039.2474588229984,0.040674636773122906
0.05,25.0,10.0,0.5,0.013796000494357013,0.008128161351207695,0.014151409313855156,34.12909470981492,2103.2974102798494,2115.1664798320107,-75.64027500252008,-1039.2474588229984,0.040674636773122906
0.05,25.0,10.0,0.65,0.013796000494357013,0.008128161351207695,0.014151409313855156,34.12909470981492,2135.691072013178,2115.1664798320107,-75.64027500252008,-1039.2474588229984,0.040674636773122906
0.05,25.0,10.0,0.8,0.013796000494357013,0.008128161351207695,0.014151409313855156,34.12909470981492,2168.084733746507,2115.1664798320107,-75.64027500252008,-1039.2474588229984,0.040674636773122906
0.05,25.0,10.0,0.85,0.013796000494357013,0.008128161351207695,0.014151409313855156,34.12909470981492,2178.8826209909494,2115.1664798320107,-75.64027500252008,-1039.2474588229984,0.040674636773122906
0.05,25.0,10.0,0.95,0.013796000494357013,0.013081926009533843,0.03212857077224325,34.32011576229523,2350.3017294905158,2115.1664798320107,-75.64027500252008,-1039.2474588229984,0.040674636773122906
0.05,25.0,10.0,0.98,0.013796000494357013,0.013081926009533843,0.03212857077224325,34.32011576229523,2363.887246136298,2115.1664798320107,-75.64027500252008,-1039.2474588229984,0.040674636773122906
0.05,25.0,20.0,0.5,0.013796000494357013,0.013081926009533843,0.013081926009533843,0.0,2095.574305437953,2115.1664798320107,-75.64027500252008,-1039.2474588229984,0.040674636773122906
0.05,25.0,20.0,0.65,0.013796000494357013,0.013081926009533843,0.013081926009533843,0.0,2095.574305437953,2115.1664798320107,-75.64027500252008,-1039.2474588229984,0.040674636773122906
0.05,25.0,20.0,0.8,0.013796000494357013,0.008128161351207695,0.014151409313855156,34.12909470981492,2040.1792009573087,2115.1664798320107,-75.64027500252008,-1039.2474588229984,0.040674636773122906
0.05,25.0,20.0,0.85,0.013796000494357013,0.008128161351207695,0.014151409313855156,34.12909470981492,2050.9770882017515,2115.1664798320107,-75.64027500252008,-1039.2474588229984,0.040674636773122906
0.05,25.0,20.0,0.95,0.013796000494357013,0.013081926009533843,0.03212857077224325,34.32011576229523,2205.123869678592,2115.1664798320107,-75.64027500252008,-1039.2474588229984,0.040674636773122906
0.05,25.0,20.0,0.98,0.013796000494357013,0.013081926009533843,0.03212857077224325,34.32011576229523,2218.709386324374,2115.1664798320107,-75.64027500252008,-1039.2474588229984,0.040674636773122906
0.05,50.0,1.0,0.5,0.019,0.013081926009533843,0.03212857077224325,34.32011576229523,1902.380846344018,1566.154822140183,-3239.4112868447887,-1916.4107331143248,0.03557196238471004
0.05,50.0,1.0,0.65,0.019,0.013081926009533843,0.03212857077224325,34.32011576229523,1970.3084295729268,1566.154822140183,-3239.4112868447887,-1916.4107331143248,0.03557196238471004
0.05,50.0,1.0,0.8,0.019,0.01718686504639152,0.05468869142959353,33.396847341973746,2112.1699884851096,1566.154822140183,-3239.4112868447887,-1916.4107331143248,0.03557196238471004
0.05,50.0,1.0,0.85,0.019,0.01718686504639152,0.05468869142959353,33.396847341973746,2141.546690599559,1566.154822140183,-3239.4112868447887,-1916.4107331143248,0.03557196238471004
0.05,50.0,1.0,0.95,0.019,0.01718686504639152,0.05468869142959353,33.396847341973746,2200.300094828456,1566.154822140183,-3239.4112868447887,-1916.4107331143248,0.03557196238471004
0.05,50.0,1.0,0.98,0.019,0.01718686504639152,0.05468869142959353,33.396847341973746,2217.9261160971255,1566.154822140183,-3239.4112868447887,-1916.4107331143248,0.03557196238471004
0.05,50.0,2.5,0.5,0.019,0.013081926009533843,0.03212857077224325,34.32011576229523,1880.6041673722293,1566.154822140183,-3239.4112868447887,-1916.4107331143248,0.03557196238471004
0.05,50.0,2.5,0.65,0.019,0.013081926009533843,0.03212857077224325,34.32011576229523,1948.5317506011381,1566.154822140183,-3239.4112868447887,-1916.4107331143248,0.03557196238471004
0.05,50.0,2.5,0.8,0.019,0.01718686504639152,0.05468869142959353,33.396847341973746,2089.563560470073,1566.154822140183,-3239.4112868447887,-1916.4107331143248,0.03557196238471004
0.05,50.0,2.5,0.85,0.019,0.01718686504639152,0.05468869142959353,33.396847341973746,2118.9402625845214,1566.154822140183,-3239.4112868447887,-1916.4107331143248,0.03557196238471004
0.05,50.0,2.5,0.95,0.019,0.01718686504639152,0.05468869142959353,33.396847341973746,2177.693666813419,1566.154822140183,-3239.4112868447887,-1916.4107331143248,0.03557196238471004
0.05,50.0,2.5,0.98,0.019,0.01718686504639152,0.05468869142959353,33.396847341973746,2195.3196880820888,1566.154822140183,-3239.4112868447887,-1916.4107331143248,0.03557196238471004
0.05,50.0,5.0,0.5,0.019,0.013081926009533843,0.03212857077224325,34.32011576229523,1844.3097024192484,1566.154822140183,-3239.4112868447887,-1916.4107331143248,0.03557196238471004
0.05,50.0,5.0,0.65,0.019,0.013081926009533843,0.03212857077224325,34.32011576229523,1912.2372856481572,1566.154822140183,-3239.4112868447887,-1916.4107331143248,0.03557196238471004
0.05,50.0,5.0,0.8,0.019,0.01718686504639152,0.05468869142959353,33.396847341973746,2051.8861804450107,1566.154822140183,-3239.4112868447887,-1916.4107331143248,0.03557196238471004
0.05,50.0,5.0,0.85,0.019,0.01718686504639152,0.05468869142959353,33.396847341973746,2081.2628825594597,1566.154822140183,-3239.4112868447887,-1916.4107331143248,0.03557196238471004
0.05,50.0,5.0,0.95,0.019,0.01718686504639152,0.05468869142959353,33.396847341973746,2140.0162867883573,1566.154822140183,-3239.4112868447887,-1916.4107331143248,0.03557196238471004
0.05,50.0,5.0,0.98,0.019,0.01718686504639152,0.05468869142959353,33.396847341973746,2157.6423080570266,1566.154822140183,-3239.4112868447887,-1916.4107331143248,0.03557196238471004
0.05,50.0,10.0,0.5,0.019,0.013081926009533843,0.03212857077224325,34.32011576229523,1771.7207725132866,1566.154822140183,-3239.4112868447887,-1916.4107331143248,0.03557196238471004
0.05,50.0,10.0,0.65,0.019,0.013081926009533843,0.03212857077224325,34.32011576229523,1839.6483557421955,1566.154822140183,-3239.4112868447887,-1916.4107331143248,0.03557196238471004
0.05,50.0,10.0,0.8,0.019,0.01718686504639152,0.05468869142959353,33.396847341973746,1976.5314203948872,1566.154822140183,-3239.4112868447887,-1916.4107331143248,0.03557196238471004
0.05,50.0,10.0,0.85,0.019,0.01718686504639152,0.05468869142959353,33.396847341973746,2005.9081225093362,1566.154822140183,-3239.4112868447887,-1916.4107331143248,0.03557196238471004
0.05,50.0,10.0,0.95,0.019,0.01718686504639152,0.05468869142959353,33.396847341973746,2064.6615267382335,1566.154822140183,-3239.4112868447887,-1916.4107331143248,0.03557196238471004
0.05,50.0,10.0,0.98,0.019,0.01718686504639152,0.05468869142959353,33.396847341973746,2082.287548006903,1566.154822140183,-3239.4112868447887,-1916.4107331143248,0.03557196238471004
0.05,50.0,20.0,0.5,0.019,0.01718686504639152,0.03212857077224325,21.521705246114635,1648.6259948521633,1566.154822140183,-3239.4112868447887,-1916.4107331143248,0.03557196238471004
0.05,50.0,20.0,0.65,0.019,0.015047399224871272,0.03212857077224325,27.729889451724624,1719.2024548153604,1566.154822140183,-3239.4112868447887,-1916.4107331143248,0.03557196238471004
0.05,50.0,20.0,0.8,0.019,0.01718686504639152,0.05468869142959353,33.396847341973746,1825.8219002946398,1566.154822140183,-3239.4112868447887,-1916.4107331143248,0.03557196238471004
0.05,50.0,20.0,0.85,0.019,0.01718686504639152,0.05468869142959353,33.396847341973746,1855.198602409089,1566.154822140183,-3239.4112868447887,-1916.4107331143248,0.03557196238471004
0.05,50.0,20.0,0.95,0.019,0.01718686504639152,0.05468869142959353,33.396847341973746,1913.9520066379862,1566.154822140183,-3239.4112868447887,-1916.4107331143248,0.03557196238471004
0.05,50.0,20.0,0.98,0.019,0.01718686504639152,0.05468869142959353,33.396847341973746,1931.578027906656,1566.154822140183,-3239.4112868447887,-1916.4107331143248,0.03557196238471004
